<prezi version="2" xmlns="http://prezi.com/schema/prezi/2" xmlns:xsi="http://www.w3.org/2001/XMLSchema-instance" xsi:schemaLocation="http://prezi.com/schema/prezi/2 http://prezi.com/schema/prezi/2"><xFields><xField name="grouping"><xEnum type="Grouping" value="on"/></xField><xField name="editorPath"><xConstructor type="editorPath" name="editorPathV2"><xField name="steps"><xArray><xConstructor type="editorPathStep" name="flyToOverviewEp"><xField name="actions"><xArray><xConstructor type="editorPathAction" name="fadeInObjectEp"><xField name="target"><xRef value="6D6D092A40EDBE521039E395B6B52637"/></xField></xConstructor><xConstructor type="editorPathAction" name="fadeInObjectEp"><xField name="target"><xRef value="FA03F580C695954C7B6C6BF55F344275"/></xField></xConstructor><xConstructor type="editorPathAction" name="zoomToObjectEp"><xField name="target"><xRef value="63195346CAE54D891E65E3C88A89B88F"/></xField></xConstructor><xConstructor type="editorPathAction" name="fadeInObjectEp"><xField name="target"><xRef value="AA2934DFD8162CFAD208F8E7E897A70F"/></xField></xConstructor><xConstructor type="editorPathAction" name="fadeInObjectEp"><xField name="target"><xRef value="D1BD83DD7B42C97C44E0248D03C8474D"/></xField></xConstructor><xConstructor type="editorPathAction" name="fadeInObjectsEp"><xField name="targetGroups"><xArray><xRef value="CED37729ECFD0175921197D39483F3B5"/></xArray></xField></xConstructor><xConstructor type="editorPathAction" name="fadeInObjectsEp"><xField name="targetGroups"><xArray><xRef value="465768B11B367CCFF0D02C68BB9D1D17"/></xArray></xField></xConstructor><xConstructor type="editorPathAction" name="zoomToObjectEp"><xField name="target"><xRef value="1BBD97750A118928917BC55140633636"/></xField></xConstructor><xConstructor type="editorPathAction" name="fadeInObjectEp"><xField name="target"><xRef value="7897E6E286B2D791714A96793F9BBA28"/></xField></xConstructor><xConstructor type="editorPathAction" name="zoomToObjectEp"><xField name="target"><xRef value="2A9E3E2B5D5B14B30E468FC48D02631C"/></xField></xConstructor><xConstructor type="editorPathAction" name="fadeInObjectsEp"><xField name="targetGroups"><xArray><xRef value="9E61A8AFDB1C1B9133CD5FF27A96CD61"/></xArray></xField></xConstructor><xConstructor type="editorPathAction" name="zoomToObjectEp"><xField name="target"><xRef value="48ED200DF0BA0CFCD811EF07CEC879B4"/></xField></xConstructor><xConstructor type="editorPathAction" name="fadeInObjectEp"><xField name="target"><xRef value="9836430DDD59ACE83857BB6D2870275C"/></xField></xConstructor><xConstructor type="editorPathAction" name="zoomToObjectEp"><xField name="target"><xRef value="2A9E3E2B5D5B14B30E468FC48D02631C"/></xField></xConstructor><xConstructor type="editorPathAction" name="fadeInObjectsEp"><xField name="targetGroups"><xArray><xRef value="056B5E5810AC7250CB1E477A3932305D"/></xArray></xField></xConstructor><xConstructor type="editorPathAction" name="zoomToObjectEp"><xField name="target"><xRef value="AB9E2BF45C8086DE175ED60E0F62D267"/></xField></xConstructor><xConstructor type="editorPathAction" name="fadeInObjectEp"><xField name="target"><xRef value="CD0A8419E9EC6BC938977D8677FCA48C"/></xField></xConstructor><xConstructor type="editorPathAction" name="fadeInObjectEp"><xField name="target"><xRef value="E177E723281F037173E631646B375029"/></xField></xConstructor><xConstructor type="editorPathAction" name="zoomToObjectEp"><xField name="target"><xRef value="042E4F21E554D244DF266AD9CFF13406"/></xField></xConstructor><xConstructor type="editorPathAction" name="fadeInObjectsEp"><xField name="targetGroups"><xArray><xRef value="494F411000C9ACD8A13A4D07752844F7"/></xArray></xField></xConstructor><xConstructor type="editorPathAction" name="zoomToObjectEp"><xField name="target"><xRef value="E9027F9DEB768E93C51A95CD3042FEC2"/></xField></xConstructor><xConstructor type="editorPathAction" name="fadeInObjectEp"><xField name="target"><xRef value="C5DCBC7F1567A4BB640E3D028C597BFD"/></xField></xConstructor><xConstructor type="editorPathAction" name="zoomToObjectEp"><xField name="target"><xRef value="042E4F21E554D244DF266AD9CFF13406"/></xField></xConstructor><xConstructor type="editorPathAction" name="fadeInObjectsEp"><xField name="targetGroups"><xArray><xRef value="38AFB70AA19FC3EAC673E983A55E4EC4"/></xArray></xField></xConstructor><xConstructor type="editorPathAction" name="zoomToObjectEp"><xField name="target"><xRef value="7F084341D1DD82EDD7A53C621AF75465"/></xField></xConstructor><xConstructor type="editorPathAction" name="fadeInObjectsEp"><xField name="targetGroups"><xArray><xRef value="B42730352AB2F34BD702769A33673160"/></xArray></xField></xConstructor><xConstructor type="editorPathAction" name="zoomToObjectEp"><xField name="target"><xRef value="5CF91F16FCCC4D82BD84DB3F7017A4D0"/></xField></xConstructor><xConstructor type="editorPathAction" name="fadeInObjectEp"><xField name="target"><xRef value="0241CCFDACC8A37EDE61F4FD6A836DE6"/></xField></xConstructor><xConstructor type="editorPathAction" name="zoomToObjectEp"><xField name="target"><xRef value="7F084341D1DD82EDD7A53C621AF75465"/></xField></xConstructor><xConstructor type="editorPathAction" name="fadeInObjectsEp"><xField name="targetGroups"><xArray><xRef value="8B97BA190EA8107C82522FEF0D3006CA"/></xArray></xField></xConstructor><xConstructor type="editorPathAction" name="zoomToObjectEp"><xField name="target"><xRef value="B39E68D7B863344417E6808E499076CF"/></xField></xConstructor><xConstructor type="editorPathAction" name="fadeInObjectsEp"><xField name="targetGroups"><xArray><xRef value="8B5A825471FD2127E19DB37853EC30CC"/></xArray></xField></xConstructor><xConstructor type="editorPathAction" name="zoomToObjectEp"><xField name="target"><xRef value="61B02E32069806837201E45E5EAD9345"/></xField></xConstructor><xConstructor type="editorPathAction" name="fadeInObjectEp"><xField name="target"><xRef value="437DF3E4FF20F8F451BA24F7E9E553B2"/></xField></xConstructor><xConstructor type="editorPathAction" name="zoomToObjectEp"><xField name="target"><xRef value="B39E68D7B863344417E6808E499076CF"/></xField></xConstructor><xConstructor type="editorPathAction" name="fadeInObjectsEp"><xField name="targetGroups"><xArray><xRef value="7EC8B0CE29DE6808BA35ACC3BFCA4C92"/></xArray></xField></xConstructor><xConstructor type="editorPathAction" name="zoomToObjectEp"><xField name="target"><xRef value="FF5F581809E94EAC44467C5FB282F83D"/></xField></xConstructor></xArray></xField></xConstructor></xArray></xField><xField name="pathGenerationStrategy"><xConstructor type="pathGenerationStrategy" name="visitOverviewAndParent"/></xField></xConstructor></xField><xField name="editorWorkflowMode"><xEnum type="EditorWorkflowMode" value="ShowPlaceholderInPresentMode"/></xField><xField name="topicType"><xEnum type="TopicType" value="UnifiedSmartStructures"/></xField><xField name="pathStartPointToken"><xJust><xRecord type="pathStartPointToken"><xField name="id"><xString value="7DF9058E8B1219050F24C7EE9F9AA88F"/></xField></xRecord></xJust></xField></xFields><aspectRatio><aspectRatio value="16:9"/></aspectRatio><documentStyle><documentStyle><xFields><xField name="colorPaletteInfo"><xJust><xConstructor type="colorPaletteInfo" name="colorPaletteById"><xField name="colorPaletteId"><xString value="183024960_0ZBSO"/></xField></xConstructor></xJust></xField></xFields><fontClasses><array><fontClass><fontFamily><string value="NotoSans"/></fontFamily><name><string value="body"/></name></fontClass><fontClass><fontFamily><string value="PlayfairDisplay"/></fontFamily><fontWeight><fontWeight value="bold"/></fontWeight><name><string value="head"/></name></fontClass><fontClass><fontFamily><string value="Heuristica"/></fontFamily><fontStyle><fontStyle value="italic"/></fontStyle><fontWeight><fontWeight value="bold"/></fontWeight><name><string value="strong"/></name></fontClass><fontClass><fontFamily><string value="PlayfairDisplay"/></fontFamily><fontWeight><fontWeight value="bold"/></fontWeight><name><string value="title"/></name></fontClass><fontClass><fontFamily><string value="Heuristica"/></fontFamily><fontStyle><fontStyle value="italic"/></fontStyle><fontWeight><fontWeight value="bold"/></fontWeight><name><string value="subtitle"/></name></fontClass><fontClass><fontFamily><string value="Heuristica"/></fontFamily><fontStyle><fontStyle value="italic"/></fontStyle><fontWeight><fontWeight value="bold"/></fontWeight><name><string value="subtitle_2"/></name></fontClass><fontClass><fontFamily><string value="NotoSans"/></fontFamily><name><string value="body_2"/></name></fontClass></array></fontClasses><fontFamilies><array><fontFamily><fontFaces><array><fontFace><xFields><xField name="fontSrcWithOrigin"><xJust><xRecord type="fontSourceWithOrigin"><xField name="source"><xString value="Heuristica-BoldItalic.keg"/></xField><xField name="origin"><xEnum type="FontOrigin" value="prezi"/></xField></xRecord></xJust></xField></xFields><fontSrc><string value="Heuristica-BoldItalic.keg"/></fontSrc><fontStyle><fontStyle value="italic"/></fontStyle><fontWeight><fontWeight value="bold"/></fontWeight></fontFace><fontFace><xFields><xField name="fontSrcWithOrigin"><xJust><xRecord type="fontSourceWithOrigin"><xField name="source"><xString value="Heuristica-Italic.keg"/></xField><xField name="origin"><xEnum type="FontOrigin" value="prezi"/></xField></xRecord></xJust></xField></xFields><fontSrc><string value="Heuristica-Italic.keg"/></fontSrc><fontStyle><fontStyle value="italic"/></fontStyle></fontFace><fontFace><xFields><xField name="fontSrcWithOrigin"><xJust><xRecord type="fontSourceWithOrigin"><xField name="source"><xString value="Heuristica-Bold.keg"/></xField><xField name="origin"><xEnum type="FontOrigin" value="prezi"/></xField></xRecord></xJust></xField></xFields><fontSrc><string value="Heuristica-Bold.keg"/></fontSrc><fontWeight><fontWeight value="bold"/></fontWeight></fontFace><fontFace><xFields><xField name="fontSrcWithOrigin"><xJust><xRecord type="fontSourceWithOrigin"><xField name="source"><xString value="Heuristica-Regular.keg"/></xField><xField name="origin"><xEnum type="FontOrigin" value="prezi"/></xField></xRecord></xJust></xField></xFields><fontSrc><string value="Heuristica-Regular.keg"/></fontSrc></fontFace></array></fontFaces><name><string value="Heuristica"/></name></fontFamily><fontFamily><fontFaces><array><fontFace><xFields><xField name="fontSrcWithOrigin"><xJust><xRecord type="fontSourceWithOrigin"><xField name="source"><xString value="NotoSans-Regular.keg"/></xField><xField name="origin"><xEnum type="FontOrigin" value="prezi"/></xField></xRecord></xJust></xField></xFields><fontSrc><string value="NotoSans-Regular.keg"/></fontSrc></fontFace><fontFace><xFields><xField name="fontSrcWithOrigin"><xJust><xRecord type="fontSourceWithOrigin"><xField name="source"><xString value="NotoSans-BoldItalic.keg"/></xField><xField name="origin"><xEnum type="FontOrigin" value="prezi"/></xField></xRecord></xJust></xField></xFields><fontSrc><string value="NotoSans-BoldItalic.keg"/></fontSrc><fontStyle><fontStyle value="italic"/></fontStyle><fontWeight><fontWeight value="bold"/></fontWeight></fontFace><fontFace><xFields><xField name="fontSrcWithOrigin"><xJust><xRecord type="fontSourceWithOrigin"><xField name="source"><xString value="NotoSans-Italic.keg"/></xField><xField name="origin"><xEnum type="FontOrigin" value="prezi"/></xField></xRecord></xJust></xField></xFields><fontSrc><string value="NotoSans-Italic.keg"/></fontSrc><fontStyle><fontStyle value="italic"/></fontStyle></fontFace><fontFace><xFields><xField name="fontSrcWithOrigin"><xJust><xRecord type="fontSourceWithOrigin"><xField name="source"><xString value="NotoSans-Bold.keg"/></xField><xField name="origin"><xEnum type="FontOrigin" value="prezi"/></xField></xRecord></xJust></xField></xFields><fontSrc><string value="NotoSans-Bold.keg"/></fontSrc><fontWeight><fontWeight value="bold"/></fontWeight></fontFace></array></fontFaces><name><string value="NotoSans"/></name></fontFamily><fontFamily><fontFaces><array><fontFace><xFields><xField name="fontSrcWithOrigin"><xJust><xRecord type="fontSourceWithOrigin"><xField name="source"><xString value="PlayfairDisplay-Bold.keg"/></xField><xField name="origin"><xEnum type="FontOrigin" value="prezi"/></xField></xRecord></xJust></xField></xFields><fontSrc><string value="PlayfairDisplay-Bold.keg"/></fontSrc><fontWeight><fontWeight value="bold"/></fontWeight></fontFace><fontFace><xFields><xField name="fontSrcWithOrigin"><xJust><xRecord type="fontSourceWithOrigin"><xField name="source"><xString value="PlayfairDisplay-BoldItalic.keg"/></xField><xField name="origin"><xEnum type="FontOrigin" value="prezi"/></xField></xRecord></xJust></xField></xFields><fontSrc><string value="PlayfairDisplay-BoldItalic.keg"/></fontSrc><fontStyle><fontStyle value="italic"/></fontStyle><fontWeight><fontWeight value="bold"/></fontWeight></fontFace><fontFace><xFields><xField name="fontSrcWithOrigin"><xJust><xRecord type="fontSourceWithOrigin"><xField name="source"><xString value="PlayfairDisplay-Italic.keg"/></xField><xField name="origin"><xEnum type="FontOrigin" value="prezi"/></xField></xRecord></xJust></xField></xFields><fontSrc><string value="PlayfairDisplay-Italic.keg"/></fontSrc><fontStyle><fontStyle value="italic"/></fontStyle></fontFace><fontFace><xFields><xField name="fontSrcWithOrigin"><xJust><xRecord type="fontSourceWithOrigin"><xField name="source"><xString value="PlayfairDisplay-Regular.keg"/></xField><xField name="origin"><xEnum type="FontOrigin" value="prezi"/></xField></xRecord></xJust></xField></xFields><fontSrc><string value="PlayfairDisplay-Regular.keg"/></fontSrc></fontFace></array></fontFaces><name><string value="PlayfairDisplay"/></name></fontFamily></array></fontFamilies><styleDeclarations><array><styleDeclaration><styleBlock><styleBlock><color><color value="#FFFFFF"/></color><alpha><double value="1"/></alpha><gradEndColor><color value="#FFFFFF"/></gradEndColor><gradStartColor><color value="#FFFFFF"/></gradStartColor><fillType><fillType value="solid"/></fillType></styleBlock></styleBlock><styleSelector><simpleSelector value="background"/></styleSelector></styleDeclaration><styleDeclaration><xFields><xField name="hasFeatureTint"><xBool value="true"/></xField><xField name="hasFeatureCornerRadius"><xBool value="true"/></xField></xFields><styleBlock><styleBlock><xFields><xField name="cornerRadius"><xJust><xDouble value="0"/></xJust></xField><xField name="backgroundCornerRadius"><xJust><xDouble value="0"/></xJust></xField><xField name="colorFilter"><xJust><xConstructor type="colorFilter" name="noColorFilter"/></xJust></xField><xField name="deprecatedBackgroundPaddingHorizontal"><xJust><xDouble value="5"/></xJust></xField><xField name="deprecatedBackgroundPaddingVertical"><xJust><xDouble value="5"/></xJust></xField><xField name="attachPadding"><xJust><xDouble value="0"/></xJust></xField></xFields><color><color value="#242424"/></color><alpha><double value="0.3"/></alpha><gradEndAlpha><double value="1"/></gradEndAlpha><gradEndColor><color value="#000000"/></gradEndColor><gradStartAlpha><double value="1"/></gradStartAlpha><gradStartColor><color value="#FFFFFF"/></gradStartColor><fillType><fillType value="solid"/></fillType><backgroundAlpha><double value="1"/></backgroundAlpha><backgroundColor><color value="#B5B5B5"/></backgroundColor><backgroundPadding><double value="5"/></backgroundPadding><borderAlpha><double value="0.4"/></borderAlpha><borderColor><color value="#4360FF"/></borderColor><borderThickness><double value="-1"/></borderThickness><displayBackground><bool value="false"/></displayBackground><fontClass><string value="title"/></fontClass><padding><double value="1.2"/></padding><radius><double value="30"/></radius><thickness><double value="15"/></thickness></styleBlock></styleBlock><styleSelector><simpleSelector value="zRichText.title"/></styleSelector></styleDeclaration><styleDeclaration><xFields><xField name="hasFeatureTint"><xBool value="true"/></xField><xField name="hasFeatureCornerRadius"><xBool value="true"/></xField></xFields><styleBlock><styleBlock><xFields><xField name="cornerRadius"><xJust><xDouble value="0"/></xJust></xField><xField name="backgroundCornerRadius"><xJust><xDouble value="0"/></xJust></xField><xField name="colorFilter"><xJust><xConstructor type="colorFilter" name="noColorFilter"/></xJust></xField><xField name="deprecatedBackgroundPaddingHorizontal"><xJust><xDouble value="5"/></xJust></xField><xField name="deprecatedBackgroundPaddingVertical"><xJust><xDouble value="5"/></xJust></xField><xField name="attachPadding"><xJust><xDouble value="0"/></xJust></xField></xFields><color><color value="#242424"/></color><alpha><double value="0.3"/></alpha><gradEndAlpha><double value="1"/></gradEndAlpha><gradEndColor><color value="#000000"/></gradEndColor><gradStartAlpha><double value="1"/></gradStartAlpha><gradStartColor><color value="#FFFFFF"/></gradStartColor><fillType><fillType value="solid"/></fillType><backgroundAlpha><double value="1"/></backgroundAlpha><backgroundColor><color value="#B5B5B5"/></backgroundColor><backgroundPadding><double value="5"/></backgroundPadding><borderAlpha><double value="0.4"/></borderAlpha><borderColor><color value="#4360FF"/></borderColor><borderThickness><double value="-1"/></borderThickness><displayBackground><bool value="false"/></displayBackground><fontClass><string value="subtitle"/></fontClass><padding><double value="1.2"/></padding><radius><double value="30"/></radius><thickness><double value="15"/></thickness></styleBlock></styleBlock><styleSelector><simpleSelector value="zRichText.subtitle"/></styleSelector></styleDeclaration><styleDeclaration><xFields><xField name="hasFeatureTint"><xBool value="true"/></xField><xField name="hasFeatureCornerRadius"><xBool value="true"/></xField></xFields><styleBlock><styleBlock><xFields><xField name="cornerRadius"><xJust><xDouble value="0"/></xJust></xField><xField name="backgroundCornerRadius"><xJust><xDouble value="0"/></xJust></xField><xField name="colorFilter"><xJust><xConstructor type="colorFilter" name="noColorFilter"/></xJust></xField><xField name="deprecatedBackgroundPaddingHorizontal"><xJust><xDouble value="5"/></xJust></xField><xField name="deprecatedBackgroundPaddingVertical"><xJust><xDouble value="5"/></xJust></xField><xField name="attachPadding"><xJust><xDouble value="0"/></xJust></xField></xFields><color><color value="#E6E6E6"/></color><alpha><double value="0.3"/></alpha><gradEndAlpha><double value="1"/></gradEndAlpha><gradEndColor><color value="#000000"/></gradEndColor><gradStartAlpha><double value="1"/></gradStartAlpha><gradStartColor><color value="#FFFFFF"/></gradStartColor><fillType><fillType value="solid"/></fillType><backgroundAlpha><double value="1"/></backgroundAlpha><backgroundColor><color value="#FFA500"/></backgroundColor><backgroundPadding><double value="5"/></backgroundPadding><borderAlpha><double value="0.4"/></borderAlpha><borderColor><color value="#4360FF"/></borderColor><borderThickness><double value="-1"/></borderThickness><displayBackground><bool value="true"/></displayBackground><fontClass><string value="subtitle_2"/></fontClass><padding><double value="1.2"/></padding><radius><double value="30"/></radius><thickness><double value="15"/></thickness></styleBlock></styleBlock><styleSelector><simpleSelector value="zRichText.subtitle_2"/></styleSelector></styleDeclaration><styleDeclaration><xFields><xField name="hasFeatureTint"><xBool value="true"/></xField><xField name="hasFeatureCornerRadius"><xBool value="true"/></xField></xFields><styleBlock><styleBlock><xFields><xField name="cornerRadius"><xJust><xDouble value="0"/></xJust></xField><xField name="backgroundCornerRadius"><xJust><xDouble value="0"/></xJust></xField><xField name="colorFilter"><xJust><xConstructor type="colorFilter" name="noColorFilter"/></xJust></xField><xField name="deprecatedBackgroundPaddingHorizontal"><xJust><xDouble value="5"/></xJust></xField><xField name="deprecatedBackgroundPaddingVertical"><xJust><xDouble value="5"/></xJust></xField><xField name="attachPadding"><xJust><xDouble value="0"/></xJust></xField></xFields><color><color value="#242424"/></color><alpha><double value="0.3"/></alpha><gradEndAlpha><double value="1"/></gradEndAlpha><gradEndColor><color value="#000000"/></gradEndColor><gradStartAlpha><double value="1"/></gradStartAlpha><gradStartColor><color value="#FFFFFF"/></gradStartColor><fillType><fillType value="solid"/></fillType><backgroundAlpha><double value="1"/></backgroundAlpha><backgroundColor><color value="#B5B5B5"/></backgroundColor><backgroundPadding><double value="5"/></backgroundPadding><borderAlpha><double value="0.4"/></borderAlpha><borderColor><color value="#4360FF"/></borderColor><borderThickness><double value="-1"/></borderThickness><displayBackground><bool value="false"/></displayBackground><fontClass><string value="body"/></fontClass><padding><double value="1.2"/></padding><radius><double value="30"/></radius><thickness><double value="15"/></thickness></styleBlock></styleBlock><styleSelector><simpleSelector value="zRichText.body"/></styleSelector></styleDeclaration><styleDeclaration><xFields><xField name="hasFeatureTint"><xBool value="true"/></xField><xField name="hasFeatureCornerRadius"><xBool value="true"/></xField></xFields><styleBlock><styleBlock><xFields><xField name="cornerRadius"><xJust><xDouble value="0"/></xJust></xField><xField name="backgroundCornerRadius"><xJust><xDouble value="0"/></xJust></xField><xField name="colorFilter"><xJust><xConstructor type="colorFilter" name="noColorFilter"/></xJust></xField><xField name="deprecatedBackgroundPaddingHorizontal"><xJust><xDouble value="5"/></xJust></xField><xField name="deprecatedBackgroundPaddingVertical"><xJust><xDouble value="5"/></xJust></xField><xField name="attachPadding"><xJust><xDouble value="0"/></xJust></xField></xFields><color><color value="#E6E6E6"/></color><alpha><double value="0.3"/></alpha><gradEndAlpha><double value="1"/></gradEndAlpha><gradEndColor><color value="#000000"/></gradEndColor><gradStartAlpha><double value="1"/></gradStartAlpha><gradStartColor><color value="#FFFFFF"/></gradStartColor><fillType><fillType value="solid"/></fillType><backgroundAlpha><double value="1"/></backgroundAlpha><backgroundColor><color value="#FFA500"/></backgroundColor><backgroundPadding><double value="5"/></backgroundPadding><borderAlpha><double value="0.4"/></borderAlpha><borderColor><color value="#4360FF"/></borderColor><borderThickness><double value="-1"/></borderThickness><displayBackground><bool value="true"/></displayBackground><fontClass><string value="body_2"/></fontClass><padding><double value="1.2"/></padding><radius><double value="30"/></radius><thickness><double value="15"/></thickness></styleBlock></styleBlock><styleSelector><simpleSelector value="zRichText.body_2"/></styleSelector></styleDeclaration><styleDeclaration><xFields><xField name="hasFeatureTint"><xBool value="true"/></xField><xField name="hasFeatureCornerRadius"><xBool value="true"/></xField></xFields><styleBlock><styleBlock><xFields><xField name="cornerRadius"><xJust><xDouble value="0"/></xJust></xField><xField name="backgroundCornerRadius"><xJust><xDouble value="0"/></xJust></xField><xField name="colorFilter"><xJust><xConstructor type="colorFilter" name="noColorFilter"/></xJust></xField><xField name="deprecatedBackgroundPaddingHorizontal"><xJust><xDouble value="5"/></xJust></xField><xField name="deprecatedBackgroundPaddingVertical"><xJust><xDouble value="5"/></xJust></xField><xField name="attachPadding"><xJust><xDouble value="0"/></xJust></xField></xFields><color><color value="#FFFFFF"/></color><alpha><double value="1"/></alpha><gradEndAlpha><double value="0"/></gradEndAlpha><gradEndColor><color value="#FFFFFF"/></gradEndColor><gradStartAlpha><double value="1"/></gradStartAlpha><gradStartColor><color value="#FFFFFF"/></gradStartColor><fillType><fillType value="linear"/></fillType><backgroundAlpha><double value="0.5"/></backgroundAlpha><backgroundColor><color value="#000000"/></backgroundColor><backgroundPadding><double value="5"/></backgroundPadding><borderAlpha><double value="0.4"/></borderAlpha><borderColor><color value="#FFFFFF"/></borderColor><borderThickness><double value="-1"/></borderThickness><displayBackground><bool value="false"/></displayBackground><fontClass><string value="body"/></fontClass><padding><double value="0"/></padding><radius><double value="30"/></radius><thickness><double value="8"/></thickness></styleBlock></styleBlock><styleSelector><simpleSelector value="*.line1"/></styleSelector></styleDeclaration><styleDeclaration><xFields><xField name="hasFeatureTint"><xBool value="true"/></xField><xField name="hasFeatureCornerRadius"><xBool value="true"/></xField></xFields><styleBlock><styleBlock><xFields><xField name="cornerRadius"><xJust><xDouble value="0"/></xJust></xField><xField name="backgroundCornerRadius"><xJust><xDouble value="0"/></xJust></xField><xField name="colorFilter"><xJust><xConstructor type="colorFilter" name="noColorFilter"/></xJust></xField><xField name="deprecatedBackgroundPaddingHorizontal"><xJust><xDouble value="5"/></xJust></xField><xField name="deprecatedBackgroundPaddingVertical"><xJust><xDouble value="5"/></xJust></xField><xField name="attachPadding"><xJust><xDouble value="0"/></xJust></xField></xFields><color><color value="#2B2B2B"/></color><alpha><double value="1"/></alpha><gradEndAlpha><double value="0"/></gradEndAlpha><gradEndColor><color value="#2B2B2B"/></gradEndColor><gradStartAlpha><double value="1"/></gradStartAlpha><gradStartColor><color value="#2B2B2B"/></gradStartColor><fillType><fillType value="linear"/></fillType><backgroundAlpha><double value="0.5"/></backgroundAlpha><backgroundColor><color value="#000000"/></backgroundColor><backgroundPadding><double value="5"/></backgroundPadding><borderAlpha><double value="0.4"/></borderAlpha><borderColor><color value="#2B2B2B"/></borderColor><borderThickness><double value="-1"/></borderThickness><displayBackground><bool value="false"/></displayBackground><fontClass><string value="body"/></fontClass><padding><double value="0"/></padding><radius><double value="30"/></radius><thickness><double value="8"/></thickness></styleBlock></styleBlock><styleSelector><simpleSelector value="*.line2"/></styleSelector></styleDeclaration><styleDeclaration><xFields><xField name="hasFeatureTint"><xBool value="true"/></xField><xField name="hasFeatureCornerRadius"><xBool value="true"/></xField></xFields><styleBlock><styleBlock><xFields><xField name="cornerRadius"><xJust><xDouble value="0"/></xJust></xField><xField name="backgroundCornerRadius"><xJust><xDouble value="0"/></xJust></xField><xField name="colorFilter"><xJust><xConstructor type="colorFilter" name="noColorFilter"/></xJust></xField><xField name="deprecatedBackgroundPaddingHorizontal"><xJust><xDouble value="5"/></xJust></xField><xField name="deprecatedBackgroundPaddingVertical"><xJust><xDouble value="5"/></xJust></xField><xField name="attachPadding"><xJust><xDouble value="0"/></xJust></xField></xFields><color><color value="#50E3C2"/></color><alpha><double value="1"/></alpha><gradEndAlpha><double value="0"/></gradEndAlpha><gradEndColor><color value="#50E3C2"/></gradEndColor><gradStartAlpha><double value="1"/></gradStartAlpha><gradStartColor><color value="#50E3C2"/></gradStartColor><fillType><fillType value="linear"/></fillType><backgroundAlpha><double value="0.5"/></backgroundAlpha><backgroundColor><color value="#000000"/></backgroundColor><backgroundPadding><double value="5"/></backgroundPadding><borderAlpha><double value="0.4"/></borderAlpha><borderColor><color value="#50E3C2"/></borderColor><borderThickness><double value="-1"/></borderThickness><displayBackground><bool value="false"/></displayBackground><fontClass><string value="body"/></fontClass><padding><double value="0"/></padding><radius><double value="30"/></radius><thickness><double value="8"/></thickness></styleBlock></styleBlock><styleSelector><simpleSelector value="*.line3"/></styleSelector></styleDeclaration><styleDeclaration><xFields><xField name="hasFeatureTint"><xBool value="true"/></xField><xField name="hasFeatureCornerRadius"><xBool value="true"/></xField></xFields><styleBlock><styleBlock><xFields><xField name="cornerRadius"><xJust><xDouble value="0"/></xJust></xField><xField name="backgroundCornerRadius"><xJust><xDouble value="0"/></xJust></xField><xField name="colorFilter"><xJust><xConstructor type="colorFilter" name="noColorFilter"/></xJust></xField><xField name="deprecatedBackgroundPaddingHorizontal"><xJust><xDouble value="5"/></xJust></xField><xField name="deprecatedBackgroundPaddingVertical"><xJust><xDouble value="5"/></xJust></xField><xField name="attachPadding"><xJust><xDouble value="0"/></xJust></xField></xFields><color><color value="#B5B5B5"/></color><alpha><double value="1"/></alpha><gradEndAlpha><double value="0"/></gradEndAlpha><gradEndColor><color value="#B5B5B5"/></gradEndColor><gradStartAlpha><double value="1"/></gradStartAlpha><gradStartColor><color value="#B5B5B5"/></gradStartColor><fillType><fillType value="linear"/></fillType><backgroundAlpha><double value="0.5"/></backgroundAlpha><backgroundColor><color value="#000000"/></backgroundColor><backgroundPadding><double value="5"/></backgroundPadding><borderAlpha><double value="0.4"/></borderAlpha><borderColor><color value="#B5B5B5"/></borderColor><borderThickness><double value="-1"/></borderThickness><displayBackground><bool value="false"/></displayBackground><fontClass><string value="body"/></fontClass><padding><double value="0"/></padding><radius><double value="30"/></radius><thickness><double value="8"/></thickness></styleBlock></styleBlock><styleSelector><simpleSelector value="*.line4"/></styleSelector></styleDeclaration><styleDeclaration><xFields><xField name="hasFeatureTint"><xBool value="true"/></xField><xField name="hasFeatureCornerRadius"><xBool value="true"/></xField></xFields><styleBlock><styleBlock><xFields><xField name="cornerRadius"><xJust><xDouble value="0"/></xJust></xField><xField name="backgroundCornerRadius"><xJust><xDouble value="0"/></xJust></xField><xField name="colorFilter"><xJust><xConstructor type="colorFilter" name="noColorFilter"/></xJust></xField><xField name="deprecatedBackgroundPaddingHorizontal"><xJust><xDouble value="5"/></xJust></xField><xField name="deprecatedBackgroundPaddingVertical"><xJust><xDouble value="5"/></xJust></xField><xField name="attachPadding"><xJust><xDouble value="0"/></xJust></xField></xFields><color><color value="#FFA500"/></color><alpha><double value="1"/></alpha><gradEndAlpha><double value="0"/></gradEndAlpha><gradEndColor><color value="#FFA500"/></gradEndColor><gradStartAlpha><double value="1"/></gradStartAlpha><gradStartColor><color value="#FFA500"/></gradStartColor><fillType><fillType value="linear"/></fillType><backgroundAlpha><double value="0.5"/></backgroundAlpha><backgroundColor><color value="#000000"/></backgroundColor><backgroundPadding><double value="5"/></backgroundPadding><borderAlpha><double value="0.4"/></borderAlpha><borderColor><color value="#FFA500"/></borderColor><borderThickness><double value="-1"/></borderThickness><displayBackground><bool value="false"/></displayBackground><fontClass><string value="body"/></fontClass><padding><double value="0"/></padding><radius><double value="30"/></radius><thickness><double value="8"/></thickness></styleBlock></styleBlock><styleSelector><simpleSelector value="*.line5"/></styleSelector></styleDeclaration><styleDeclaration><xFields><xField name="hasFeatureTint"><xBool value="true"/></xField><xField name="hasFeatureCornerRadius"><xBool value="true"/></xField></xFields><styleBlock><styleBlock><xFields><xField name="cornerRadius"><xJust><xDouble value="0"/></xJust></xField><xField name="backgroundCornerRadius"><xJust><xDouble value="0"/></xJust></xField><xField name="colorFilter"><xJust><xConstructor type="colorFilter" name="noColorFilter"/></xJust></xField><xField name="deprecatedBackgroundPaddingHorizontal"><xJust><xDouble value="5"/></xJust></xField><xField name="deprecatedBackgroundPaddingVertical"><xJust><xDouble value="5"/></xJust></xField><xField name="attachPadding"><xJust><xDouble value="0"/></xJust></xField></xFields><color><color value="#FFFFFF"/></color><alpha><double value="1"/></alpha><gradEndAlpha><double value="0"/></gradEndAlpha><gradEndColor><color value="#FFFFFF"/></gradEndColor><gradStartAlpha><double value="1"/></gradStartAlpha><gradStartColor><color value="#FFFFFF"/></gradStartColor><fillType><fillType value="solid"/></fillType><backgroundAlpha><double value="0.5"/></backgroundAlpha><backgroundColor><color value="#000000"/></backgroundColor><backgroundPadding><double value="5"/></backgroundPadding><borderAlpha><double value="0"/></borderAlpha><borderColor><color value="#B5B5B5"/></borderColor><borderThickness><double value="0"/></borderThickness><displayBackground><bool value="false"/></displayBackground><fontClass><string value="body"/></fontClass><padding><double value="1.03"/></padding><thickness><double value="8"/></thickness></styleBlock></styleBlock><styleSelector><simpleSelector value="*.poly1"/></styleSelector></styleDeclaration><styleDeclaration><xFields><xField name="hasFeatureTint"><xBool value="true"/></xField><xField name="hasFeatureCornerRadius"><xBool value="true"/></xField></xFields><styleBlock><styleBlock><xFields><xField name="cornerRadius"><xJust><xDouble value="3"/></xJust></xField><xField name="backgroundCornerRadius"><xJust><xDouble value="0"/></xJust></xField><xField name="colorFilter"><xJust><xConstructor type="colorFilter" name="noColorFilter"/></xJust></xField><xField name="deprecatedBackgroundPaddingHorizontal"><xJust><xDouble value="5"/></xJust></xField><xField name="deprecatedBackgroundPaddingVertical"><xJust><xDouble value="5"/></xJust></xField><xField name="attachPadding"><xJust><xDouble value="0"/></xJust></xField></xFields><color><color value="#2B2B2B"/></color><alpha><double value="0.67"/></alpha><gradEndAlpha><double value="0"/></gradEndAlpha><gradEndColor><color value="#2B2B2B"/></gradEndColor><gradStartAlpha><double value="1"/></gradStartAlpha><gradStartColor><color value="#2B2B2B"/></gradStartColor><fillType><fillType value="solid"/></fillType><backgroundAlpha><double value="0.5"/></backgroundAlpha><backgroundColor><color value="#000000"/></backgroundColor><backgroundPadding><double value="5"/></backgroundPadding><borderAlpha><double value="0"/></borderAlpha><borderColor><color value="#B5B5B5"/></borderColor><borderThickness><double value="0"/></borderThickness><displayBackground><bool value="false"/></displayBackground><fontClass><string value="body"/></fontClass><padding><double value="1.03"/></padding><thickness><double value="15"/></thickness></styleBlock></styleBlock><styleSelector><simpleSelector value="*.poly2"/></styleSelector></styleDeclaration><styleDeclaration><xFields><xField name="hasFeatureTint"><xBool value="true"/></xField><xField name="hasFeatureCornerRadius"><xBool value="true"/></xField></xFields><styleBlock><styleBlock><xFields><xField name="cornerRadius"><xJust><xDouble value="0"/></xJust></xField><xField name="backgroundCornerRadius"><xJust><xDouble value="0"/></xJust></xField><xField name="colorFilter"><xJust><xConstructor type="colorFilter" name="noColorFilter"/></xJust></xField><xField name="deprecatedBackgroundPaddingHorizontal"><xJust><xDouble value="5"/></xJust></xField><xField name="deprecatedBackgroundPaddingVertical"><xJust><xDouble value="5"/></xJust></xField><xField name="attachPadding"><xJust><xDouble value="0"/></xJust></xField></xFields><color><color value="#50E3C2"/></color><alpha><double value="0"/></alpha><gradEndAlpha><double value="0"/></gradEndAlpha><gradEndColor><color value="#50E3C2"/></gradEndColor><gradStartAlpha><double value="1"/></gradStartAlpha><gradStartColor><color value="#50E3C2"/></gradStartColor><fillType><fillType value="solid"/></fillType><backgroundAlpha><double value="0.5"/></backgroundAlpha><backgroundColor><color value="#000000"/></backgroundColor><backgroundPadding><double value="5"/></backgroundPadding><borderAlpha><double value="1"/></borderAlpha><borderColor><color value="#B5B5B5"/></borderColor><borderThickness><double value="31.088208688135598"/></borderThickness><displayBackground><bool value="false"/></displayBackground><fontClass><string value="body"/></fontClass><padding><double value="0"/></padding><thickness><double value="100"/></thickness></styleBlock></styleBlock><styleSelector><simpleSelector value="*.poly3"/></styleSelector></styleDeclaration><styleDeclaration><xFields><xField name="hasFeatureTint"><xBool value="true"/></xField><xField name="hasFeatureCornerRadius"><xBool value="true"/></xField></xFields><styleBlock><styleBlock><xFields><xField name="cornerRadius"><xJust><xDouble value="0"/></xJust></xField><xField name="backgroundCornerRadius"><xJust><xDouble value="0"/></xJust></xField><xField name="colorFilter"><xJust><xConstructor type="colorFilter" name="noColorFilter"/></xJust></xField><xField name="deprecatedBackgroundPaddingHorizontal"><xJust><xDouble value="5"/></xJust></xField><xField name="deprecatedBackgroundPaddingVertical"><xJust><xDouble value="5"/></xJust></xField><xField name="attachPadding"><xJust><xDouble value="0"/></xJust></xField></xFields><color><color value="#B5B5B5"/></color><alpha><double value="1"/></alpha><gradEndAlpha><double value="0"/></gradEndAlpha><gradEndColor><color value="#B5B5B5"/></gradEndColor><gradStartAlpha><double value="1"/></gradStartAlpha><gradStartColor><color value="#B5B5B5"/></gradStartColor><fillType><fillType value="solid"/></fillType><backgroundAlpha><double value="0.5"/></backgroundAlpha><backgroundColor><color value="#000000"/></backgroundColor><backgroundPadding><double value="5"/></backgroundPadding><borderAlpha><double value="0"/></borderAlpha><borderColor><color value="#B5B5B5"/></borderColor><borderThickness><double value="0"/></borderThickness><displayBackground><bool value="false"/></displayBackground><fontClass><string value="body"/></fontClass><padding><double value="0"/></padding><thickness><double value="100"/></thickness></styleBlock></styleBlock><styleSelector><simpleSelector value="*.poly4"/></styleSelector></styleDeclaration><styleDeclaration><xFields><xField name="hasFeatureTint"><xBool value="true"/></xField><xField name="hasFeatureCornerRadius"><xBool value="true"/></xField></xFields><styleBlock><styleBlock><xFields><xField name="cornerRadius"><xJust><xDouble value="0"/></xJust></xField><xField name="backgroundCornerRadius"><xJust><xDouble value="0"/></xJust></xField><xField name="colorFilter"><xJust><xConstructor type="colorFilter" name="noColorFilter"/></xJust></xField><xField name="deprecatedBackgroundPaddingHorizontal"><xJust><xDouble value="5"/></xJust></xField><xField name="deprecatedBackgroundPaddingVertical"><xJust><xDouble value="5"/></xJust></xField><xField name="attachPadding"><xJust><xDouble value="0"/></xJust></xField></xFields><color><color value="#FFA500"/></color><alpha><double value="1"/></alpha><gradEndAlpha><double value="0"/></gradEndAlpha><gradEndColor><color value="#FFA500"/></gradEndColor><gradStartAlpha><double value="1"/></gradStartAlpha><gradStartColor><color value="#FFA500"/></gradStartColor><fillType><fillType value="solid"/></fillType><backgroundAlpha><double value="0.5"/></backgroundAlpha><backgroundColor><color value="#000000"/></backgroundColor><backgroundPadding><double value="5"/></backgroundPadding><borderAlpha><double value="0"/></borderAlpha><borderColor><color value="#B5B5B5"/></borderColor><borderThickness><double value="0"/></borderThickness><displayBackground><bool value="false"/></displayBackground><fontClass><string value="body"/></fontClass><padding><double value="0"/></padding><thickness><double value="100"/></thickness></styleBlock></styleBlock><styleSelector><simpleSelector value="*.poly5"/></styleSelector></styleDeclaration><styleDeclaration><xFields><xField name="hasFeatureTint"><xBool value="true"/></xField></xFields><styleBlock><styleBlock><xFields><xField name="colorFilter"><xJust><xConstructor type="colorFilter" name="solidColorBlend"><xField name="blendAlpha"><xDouble value="0.8"/></xField><xField name="blendColor"><xColor value="#FFFFFF"/></xField></xConstructor></xJust></xField></xFields></styleBlock></styleBlock><styleSelector><simpleSelector value="*.shapelikeFilter1"/></styleSelector></styleDeclaration><styleDeclaration><xFields><xField name="hasFeatureTint"><xBool value="true"/></xField></xFields><styleBlock><styleBlock><xFields><xField name="colorFilter"><xJust><xConstructor type="colorFilter" name="solidColorBlend"><xField name="blendAlpha"><xDouble value="0.8"/></xField><xField name="blendColor"><xColor value="#2B2B2B"/></xField></xConstructor></xJust></xField></xFields></styleBlock></styleBlock><styleSelector><simpleSelector value="*.shapelikeFilter2"/></styleSelector></styleDeclaration><styleDeclaration><xFields><xField name="hasFeatureTint"><xBool value="true"/></xField></xFields><styleBlock><styleBlock><xFields><xField name="colorFilter"><xJust><xConstructor type="colorFilter" name="solidColorBlend"><xField name="blendAlpha"><xDouble value="0.8"/></xField><xField name="blendColor"><xColor value="#50E3C2"/></xField></xConstructor></xJust></xField></xFields></styleBlock></styleBlock><styleSelector><simpleSelector value="*.shapelikeFilter3"/></styleSelector></styleDeclaration><styleDeclaration><xFields><xField name="hasFeatureTint"><xBool value="true"/></xField></xFields><styleBlock><styleBlock><xFields><xField name="colorFilter"><xJust><xConstructor type="colorFilter" name="solidColorBlend"><xField name="blendAlpha"><xDouble value="0.8"/></xField><xField name="blendColor"><xColor value="#B5B5B5"/></xField></xConstructor></xJust></xField></xFields></styleBlock></styleBlock><styleSelector><simpleSelector value="*.shapelikeFilter4"/></styleSelector></styleDeclaration><styleDeclaration><xFields><xField name="hasFeatureTint"><xBool value="true"/></xField></xFields><styleBlock><styleBlock><xFields><xField name="colorFilter"><xJust><xConstructor type="colorFilter" name="solidColorBlend"><xField name="blendAlpha"><xDouble value="0.8"/></xField><xField name="blendColor"><xColor value="#FFA500"/></xField></xConstructor></xJust></xField></xFields></styleBlock></styleBlock><styleSelector><simpleSelector value="*.shapelikeFilter5"/></styleSelector></styleDeclaration><styleDeclaration><xFields><xField name="hasFeatureTint"><xBool value="true"/></xField></xFields><styleBlock><styleBlock><xFields><xField name="colorFilter"><xJust><xConstructor type="colorFilter" name="solidColorBlend"><xField name="blendAlpha"><xDouble value="1"/></xField><xField name="blendColor"><xColor value="#FFFFFF"/></xField></xConstructor></xJust></xField></xFields></styleBlock></styleBlock><styleSelector><simpleSelector value="*.fullBlendShapelikeFilter1"/></styleSelector></styleDeclaration><styleDeclaration><xFields><xField name="hasFeatureTint"><xBool value="true"/></xField></xFields><styleBlock><styleBlock><xFields><xField name="colorFilter"><xJust><xConstructor type="colorFilter" name="solidColorBlend"><xField name="blendAlpha"><xDouble value="1"/></xField><xField name="blendColor"><xColor value="#2B2B2B"/></xField></xConstructor></xJust></xField></xFields></styleBlock></styleBlock><styleSelector><simpleSelector value="*.fullBlendShapelikeFilter2"/></styleSelector></styleDeclaration><styleDeclaration><xFields><xField name="hasFeatureTint"><xBool value="true"/></xField></xFields><styleBlock><styleBlock><xFields><xField name="colorFilter"><xJust><xConstructor type="colorFilter" name="solidColorBlend"><xField name="blendAlpha"><xDouble value="1"/></xField><xField name="blendColor"><xColor value="#50E3C2"/></xField></xConstructor></xJust></xField></xFields></styleBlock></styleBlock><styleSelector><simpleSelector value="*.fullBlendShapelikeFilter3"/></styleSelector></styleDeclaration><styleDeclaration><xFields><xField name="hasFeatureTint"><xBool value="true"/></xField></xFields><styleBlock><styleBlock><xFields><xField name="colorFilter"><xJust><xConstructor type="colorFilter" name="solidColorBlend"><xField name="blendAlpha"><xDouble value="1"/></xField><xField name="blendColor"><xColor value="#B5B5B5"/></xField></xConstructor></xJust></xField></xFields></styleBlock></styleBlock><styleSelector><simpleSelector value="*.fullBlendShapelikeFilter4"/></styleSelector></styleDeclaration><styleDeclaration><xFields><xField name="hasFeatureTint"><xBool value="true"/></xField></xFields><styleBlock><styleBlock><xFields><xField name="colorFilter"><xJust><xConstructor type="colorFilter" name="solidColorBlend"><xField name="blendAlpha"><xDouble value="1"/></xField><xField name="blendColor"><xColor value="#FFA500"/></xField></xConstructor></xJust></xField></xFields></styleBlock></styleBlock><styleSelector><simpleSelector value="*.fullBlendShapelikeFilter5"/></styleSelector></styleDeclaration><styleDeclaration><xFields><xField name="hasFeatureTint"><xBool value="true"/></xField></xFields><styleBlock><styleBlock><xFields><xField name="colorFilter"><xJust><xConstructor type="colorFilter" name="solidColorBlend"><xField name="blendAlpha"><xDouble value="0"/></xField><xField name="blendColor"><xColor value="#FFFFFF"/></xField></xConstructor></xJust></xField></xFields></styleBlock></styleBlock><styleSelector><simpleSelector value="*.backgroundFilterStyle1"/></styleSelector></styleDeclaration><styleDeclaration><xFields><xField name="hasFeatureTint"><xBool value="true"/></xField></xFields><styleBlock><styleBlock><xFields><xField name="colorFilter"><xJust><xConstructor type="colorFilter" name="solidColorBlend"><xField name="blendAlpha"><xDouble value="0"/></xField><xField name="blendColor"><xColor value="#2B2B2B"/></xField></xConstructor></xJust></xField></xFields></styleBlock></styleBlock><styleSelector><simpleSelector value="*.backgroundFilterStyle2"/></styleSelector></styleDeclaration><styleDeclaration><xFields><xField name="hasFeatureTint"><xBool value="true"/></xField></xFields><styleBlock><styleBlock><xFields><xField name="colorFilter"><xJust><xConstructor type="colorFilter" name="solidColorBlend"><xField name="blendAlpha"><xDouble value="0"/></xField><xField name="blendColor"><xColor value="#50E3C2"/></xField></xConstructor></xJust></xField></xFields></styleBlock></styleBlock><styleSelector><simpleSelector value="*.backgroundFilterStyle3"/></styleSelector></styleDeclaration><styleDeclaration><xFields><xField name="hasFeatureTint"><xBool value="true"/></xField></xFields><styleBlock><styleBlock><xFields><xField name="colorFilter"><xJust><xConstructor type="colorFilter" name="solidColorBlend"><xField name="blendAlpha"><xDouble value="0"/></xField><xField name="blendColor"><xColor value="#B5B5B5"/></xField></xConstructor></xJust></xField></xFields></styleBlock></styleBlock><styleSelector><simpleSelector value="*.backgroundFilterStyle4"/></styleSelector></styleDeclaration><styleDeclaration><xFields><xField name="hasFeatureTint"><xBool value="true"/></xField></xFields><styleBlock><styleBlock><xFields><xField name="colorFilter"><xJust><xConstructor type="colorFilter" name="solidColorBlend"><xField name="blendAlpha"><xDouble value="0"/></xField><xField name="blendColor"><xColor value="#FFA500"/></xField></xConstructor></xJust></xField></xFields></styleBlock></styleBlock><styleSelector><simpleSelector value="*.backgroundFilterStyle5"/></styleSelector></styleDeclaration><styleDeclaration><xFields><xField name="hasFeatureTint"><xBool value="true"/></xField></xFields><styleBlock><styleBlock><xFields><xField name="colorFilter"><xJust><xConstructor type="colorFilter" name="solidColorBlend"><xField name="blendAlpha"><xDouble value="0.8"/></xField><xField name="blendColor"><xColor value="#FFFFFF"/></xField></xConstructor></xJust></xField></xFields></styleBlock></styleBlock><styleSelector><simpleSelector value="*.imageFilter1"/></styleSelector></styleDeclaration><styleDeclaration><xFields><xField name="hasFeatureTint"><xBool value="true"/></xField></xFields><styleBlock><styleBlock><xFields><xField name="colorFilter"><xJust><xConstructor type="colorFilter" name="solidColorBlend"><xField name="blendAlpha"><xDouble value="0.8"/></xField><xField name="blendColor"><xColor value="#2B2B2B"/></xField></xConstructor></xJust></xField></xFields></styleBlock></styleBlock><styleSelector><simpleSelector value="*.imageFilter2"/></styleSelector></styleDeclaration><styleDeclaration><xFields><xField name="hasFeatureTint"><xBool value="true"/></xField></xFields><styleBlock><styleBlock><xFields><xField name="colorFilter"><xJust><xConstructor type="colorFilter" name="solidColorBlend"><xField name="blendAlpha"><xDouble value="0.8"/></xField><xField name="blendColor"><xColor value="#50E3C2"/></xField></xConstructor></xJust></xField></xFields></styleBlock></styleBlock><styleSelector><simpleSelector value="*.imageFilter3"/></styleSelector></styleDeclaration><styleDeclaration><xFields><xField name="hasFeatureTint"><xBool value="true"/></xField></xFields><styleBlock><styleBlock><xFields><xField name="colorFilter"><xJust><xConstructor type="colorFilter" name="solidColorBlend"><xField name="blendAlpha"><xDouble value="0.8"/></xField><xField name="blendColor"><xColor value="#B5B5B5"/></xField></xConstructor></xJust></xField></xFields></styleBlock></styleBlock><styleSelector><simpleSelector value="*.imageFilter4"/></styleSelector></styleDeclaration><styleDeclaration><xFields><xField name="hasFeatureTint"><xBool value="true"/></xField></xFields><styleBlock><styleBlock><xFields><xField name="colorFilter"><xJust><xConstructor type="colorFilter" name="solidColorBlend"><xField name="blendAlpha"><xDouble value="0.8"/></xField><xField name="blendColor"><xColor value="#FFA500"/></xField></xConstructor></xJust></xField></xFields></styleBlock></styleBlock><styleSelector><simpleSelector value="*.imageFilter5"/></styleSelector></styleDeclaration><styleDeclaration><styleBlock><styleBlock><color><color value="#FA4141"/></color><borderColor><color value="#FFFFFF"/></borderColor></styleBlock></styleBlock><styleSelector><simpleSelector value="#1BBD97750A118928917BC55140633636"/></styleSelector></styleDeclaration><styleDeclaration><styleBlock><styleBlock><color><color value="#FFD20F"/></color><borderColor><color value="#FFD20F"/></borderColor></styleBlock></styleBlock><styleSelector><simpleSelector value="#2A9E3E2B5D5B14B30E468FC48D02631C"/></styleSelector></styleDeclaration><styleDeclaration><styleBlock><styleBlock><color><color value="#FF8C00"/></color><borderColor><color value="#FFD20F"/></borderColor></styleBlock></styleBlock><styleSelector><simpleSelector value="#042E4F21E554D244DF266AD9CFF13406"/></styleSelector></styleDeclaration><styleDeclaration><styleBlock><styleBlock><color><color value="#91D250"/></color><borderColor><color value="#FFD20F"/></borderColor></styleBlock></styleBlock><styleSelector><simpleSelector value="#7F084341D1DD82EDD7A53C621AF75465"/></styleSelector></styleDeclaration><styleDeclaration><styleBlock><styleBlock><color><color value="#BE8CFF"/></color><borderColor><color value="#FFD20F"/></borderColor></styleBlock></styleBlock><styleSelector><simpleSelector value="#B39E68D7B863344417E6808E499076CF"/></styleSelector></styleDeclaration><styleDeclaration><styleBlock><styleBlock><thickness><double value="3.8691097931604106"/></thickness></styleBlock></styleBlock><styleSelector><simpleSelector value="#3038208712FA4759592524FDFF7F3754"/></styleSelector></styleDeclaration><styleDeclaration><styleBlock><styleBlock><thickness><double value="2.66075629434796"/></thickness></styleBlock></styleBlock><styleSelector><simpleSelector value="#2113855BBD231E00349209CA8BCDDD3F"/></styleSelector></styleDeclaration><styleDeclaration><styleBlock><styleBlock><thickness><double value="2.66075629434796"/></thickness></styleBlock></styleBlock><styleSelector><simpleSelector value="#A384CA12CFB08EADCBC05E4AA8F26883"/></styleSelector></styleDeclaration><styleDeclaration><styleBlock><styleBlock><thickness><double value="2.66075629434796"/></thickness></styleBlock></styleBlock><styleSelector><simpleSelector value="#C2EF217410CAD92B958F66206E1B402F"/></styleSelector></styleDeclaration><styleDeclaration><styleBlock><styleBlock><thickness><double value="2.66075629434796"/></thickness></styleBlock></styleBlock><styleSelector><simpleSelector value="#E39259269F0DA2C2C5C6B2A905A76044"/></styleSelector></styleDeclaration></array></styleDeclarations></documentStyle></documentStyle><overview><overview><xFields><xField name="overviewBounds"><xConstructor type="overviewBounds" name="fixedOverviewBounds"><xField name="boundsInWorld"><xRectangle x="-15789.721668848086" y="-16935.790523811786" w="35917.19845001698" h="20203.424128134553"/></xField></xConstructor></xField><xField name="contentGroups"><xArray><xRecord type="group"><xField name="id"><xString value="465768B11B367CCFF0D02C68BB9D1D17"/></xField></xRecord><xRecord type="group"><xField name="id"><xString value="9E61A8AFDB1C1B9133CD5FF27A96CD61"/></xField></xRecord><xRecord type="group"><xField name="id"><xString value="494F411000C9ACD8A13A4D07752844F7"/></xField></xRecord><xRecord type="group"><xField name="id"><xString value="B42730352AB2F34BD702769A33673160"/></xField></xRecord><xRecord type="group"><xField name="id"><xString value="8B5A825471FD2127E19DB37853EC30CC"/></xField></xRecord><xRecord type="group"><xField name="id"><xString value="CED37729ECFD0175921197D39483F3B5"/></xField></xRecord><xRecord type="group"><xField name="id"><xString value="056B5E5810AC7250CB1E477A3932305D"/></xField></xRecord><xRecord type="group"><xField name="id"><xString value="38AFB70AA19FC3EAC673E983A55E4EC4"/></xField></xRecord><xRecord type="group"><xField name="id"><xString value="8B97BA190EA8107C82522FEF0D3006CA"/></xField></xRecord><xRecord type="group"><xField name="id"><xString value="7EC8B0CE29DE6808BA35ACC3BFCA4C92"/></xField></xRecord></xArray></xField><xField name="usesChapters"><xBool value="true"/></xField></xFields><minimumScale><transform2D x="0" y="0" scale="4732.176188267386" rotation="0"/></minimumScale><smartStructure><xConstructor name="unifiedSmartStructure" type="smartStructure"><xField name="id"><xString value="75AAE925927CC7E3200BC4F106924E5A"/></xField></xConstructor></smartStructure></overview></overview><path><array><flyToOverview><actions><array><fadeInObject><target><ref value="6D6D092A40EDBE521039E395B6B52637"/></target></fadeInObject><fadeInObject><target><ref value="FA03F580C695954C7B6C6BF55F344275"/></target></fadeInObject><xConstructor name="zoomToObject" type="pathAction"><xField name="target"><xRef value="63195346CAE54D891E65E3C88A89B88F"/></xField></xConstructor><fadeInObject><target><ref value="AA2934DFD8162CFAD208F8E7E897A70F"/></target></fadeInObject><fadeInObject><target><ref value="D1BD83DD7B42C97C44E0248D03C8474D"/></target></fadeInObject><xConstructor name="fadeInObjects" type="pathAction"><xField name="targetGroups"><xArray><xRef value="CED37729ECFD0175921197D39483F3B5"/></xArray></xField></xConstructor><xConstructor name="fadeInObjects" type="pathAction"><xField name="targetGroups"><xArray><xRef value="465768B11B367CCFF0D02C68BB9D1D17"/></xArray></xField></xConstructor><xConstructor name="zoomToObject" type="pathAction"><xField name="target"><xRef value="1BBD97750A118928917BC55140633636"/></xField></xConstructor><fadeInObject><target><ref value="7897E6E286B2D791714A96793F9BBA28"/></target></fadeInObject><xConstructor name="zoomToObject" type="pathAction"><xField name="target"><xRef value="2A9E3E2B5D5B14B30E468FC48D02631C"/></xField></xConstructor><xConstructor name="fadeInObjects" type="pathAction"><xField name="targetGroups"><xArray><xRef value="9E61A8AFDB1C1B9133CD5FF27A96CD61"/></xArray></xField></xConstructor><xConstructor name="zoomToObject" type="pathAction"><xField name="target"><xRef value="48ED200DF0BA0CFCD811EF07CEC879B4"/></xField></xConstructor><fadeInObject><target><ref value="9836430DDD59ACE83857BB6D2870275C"/></target></fadeInObject><xConstructor name="zoomToObject" type="pathAction"><xField name="target"><xRef value="2A9E3E2B5D5B14B30E468FC48D02631C"/></xField></xConstructor><xConstructor name="fadeInObjects" type="pathAction"><xField name="targetGroups"><xArray><xRef value="056B5E5810AC7250CB1E477A3932305D"/></xArray></xField></xConstructor><xConstructor name="zoomToObject" type="pathAction"><xField name="target"><xRef value="AB9E2BF45C8086DE175ED60E0F62D267"/></xField></xConstructor><fadeInObject><target><ref value="CD0A8419E9EC6BC938977D8677FCA48C"/></target></fadeInObject><fadeInObject><target><ref value="E177E723281F037173E631646B375029"/></target></fadeInObject><xConstructor name="zoomToObject" type="pathAction"><xField name="target"><xRef value="042E4F21E554D244DF266AD9CFF13406"/></xField></xConstructor><xConstructor name="fadeInObjects" type="pathAction"><xField name="targetGroups"><xArray><xRef value="494F411000C9ACD8A13A4D07752844F7"/></xArray></xField></xConstructor><xConstructor name="zoomToObject" type="pathAction"><xField name="target"><xRef value="E9027F9DEB768E93C51A95CD3042FEC2"/></xField></xConstructor><fadeInObject><target><ref value="C5DCBC7F1567A4BB640E3D028C597BFD"/></target></fadeInObject><xConstructor name="zoomToObject" type="pathAction"><xField name="target"><xRef value="042E4F21E554D244DF266AD9CFF13406"/></xField></xConstructor><xConstructor name="fadeInObjects" type="pathAction"><xField name="targetGroups"><xArray><xRef value="38AFB70AA19FC3EAC673E983A55E4EC4"/></xArray></xField></xConstructor><xConstructor name="zoomToObject" type="pathAction"><xField name="target"><xRef value="7F084341D1DD82EDD7A53C621AF75465"/></xField></xConstructor><xConstructor name="fadeInObjects" type="pathAction"><xField name="targetGroups"><xArray><xRef value="B42730352AB2F34BD702769A33673160"/></xArray></xField></xConstructor><xConstructor name="zoomToObject" type="pathAction"><xField name="target"><xRef value="5CF91F16FCCC4D82BD84DB3F7017A4D0"/></xField></xConstructor><fadeInObject><target><ref value="0241CCFDACC8A37EDE61F4FD6A836DE6"/></target></fadeInObject><xConstructor name="zoomToObject" type="pathAction"><xField name="target"><xRef value="7F084341D1DD82EDD7A53C621AF75465"/></xField></xConstructor><xConstructor name="fadeInObjects" type="pathAction"><xField name="targetGroups"><xArray><xRef value="8B97BA190EA8107C82522FEF0D3006CA"/></xArray></xField></xConstructor><xConstructor name="zoomToObject" type="pathAction"><xField name="target"><xRef value="B39E68D7B863344417E6808E499076CF"/></xField></xConstructor><xConstructor name="fadeInObjects" type="pathAction"><xField name="targetGroups"><xArray><xRef value="8B5A825471FD2127E19DB37853EC30CC"/></xArray></xField></xConstructor><xConstructor name="zoomToObject" type="pathAction"><xField name="target"><xRef value="61B02E32069806837201E45E5EAD9345"/></xField></xConstructor><fadeInObject><target><ref value="437DF3E4FF20F8F451BA24F7E9E553B2"/></target></fadeInObject><xConstructor name="zoomToObject" type="pathAction"><xField name="target"><xRef value="B39E68D7B863344417E6808E499076CF"/></xField></xConstructor><xConstructor name="fadeInObjects" type="pathAction"><xField name="targetGroups"><xArray><xRef value="7EC8B0CE29DE6808BA35ACC3BFCA4C92"/></xArray></xField></xConstructor><xConstructor name="zoomToObject" type="pathAction"><xField name="target"><xRef value="FF5F581809E94EAC44467C5FB282F83D"/></xField></xConstructor></array></actions></flyToOverview></array></path><templateInfo><templateInfo><baseId><string value="hourglass"/></baseId><themeId><string value="not-used"/></themeId></templateInfo></templateInfo><zObjects><array><xConstructor name="zShape" type="zObject"><xField name="shapeType"><xEnum type="ShapeType" value="oval"/></xField><xField name="height"><xDouble value="100"/></xField><xField name="localToWorld"><xTransform2D x="3814.1160433085297" y="898.6468908849463" scale="167.1150983521359" rotation="0"/></xField><xField name="id"><xString value="B39E68D7B863344417E6808E499076CF"/></xField><xField name="styleClasses"><xArray><xToken value="poly4"/></xArray></xField><xField name="groupId"><xJust><xRef value="8B5A825471FD2127E19DB37853EC30CC"/></xJust></xField><xField name="width"><xDouble value="100"/></xField></xConstructor><xConstructor name="zShape" type="zObject"><xField name="shapeType"><xEnum type="ShapeType" value="oval"/></xField><xField name="height"><xDouble value="100"/></xField><xField name="localToWorld"><xTransform2D x="3814.1160433085324" y="898.6468908849472" scale="135.82760923091425" rotation="0"/></xField><xField name="id"><xString value="7F084341D1DD82EDD7A53C621AF75465"/></xField><xField name="styleClasses"><xArray><xToken value="poly4"/></xArray></xField><xField name="groupId"><xJust><xRef value="B42730352AB2F34BD702769A33673160"/></xJust></xField><xField name="width"><xDouble value="100"/></xField></xConstructor><xConstructor name="zShape" type="zObject"><xField name="shapeType"><xEnum type="ShapeType" value="oval"/></xField><xField name="height"><xDouble value="100"/></xField><xField name="localToWorld"><xTransform2D x="3814.1160433085324" y="898.6468908849494" scale="103.18412319371109" rotation="0"/></xField><xField name="id"><xString value="042E4F21E554D244DF266AD9CFF13406"/></xField><xField name="styleClasses"><xArray><xToken value="poly4"/></xArray></xField><xField name="groupId"><xJust><xRef value="494F411000C9ACD8A13A4D07752844F7"/></xJust></xField><xField name="width"><xDouble value="100"/></xField></xConstructor><xConstructor name="zShape" type="zObject"><xField name="shapeType"><xEnum type="ShapeType" value="oval"/></xField><xField name="height"><xDouble value="100"/></xField><xField name="localToWorld"><xTransform2D x="3814.1160433085333" y="898.646890884946" scale="72.70719306762322" rotation="0"/></xField><xField name="id"><xString value="2A9E3E2B5D5B14B30E468FC48D02631C"/></xField><xField name="styleClasses"><xArray><xToken value="poly4"/></xArray></xField><xField name="groupId"><xJust><xRef value="9E61A8AFDB1C1B9133CD5FF27A96CD61"/></xJust></xField><xField name="width"><xDouble value="100"/></xField></xConstructor><xConstructor name="zRichText" type="zObject"><xField name="localToWorld"><xTransform2D x="-8909.055679888084" y="-3074.2768369790347" scale="29.799736652567905" rotation="0"/></xField><xField name="styleClasses"><xArray><xToken value="body"/></xArray></xField><xField name="id"><xString value="AA2934DFD8162CFAD208F8E7E897A70F"/></xField><xField name="text"><xRecord type="richText"><xField name="width"><xJust><xDouble value="219.59613446068775"/></xJust></xField><xField name="paragraphs"><xArray><xRecord type="paragraph"><xField name="paragraphStyle"><xRecord type="paragraphStyle"/></xField><xField name="spans"><xArray><xRecord type="span"><xField name="text"><xString value="E"/></xField><xField name="style"><xRecord type="spanStyle"><xField name="fontSize"><xJust><xDouble value="24"/></xJust></xField><xField name="underline"><xJust><xBool value="false"/></xJust></xField></xRecord></xField></xRecord><xRecord type="span"><xField name="text"><xString value="l término &quot;conciencia&quot; se refiere a la capacidad de percibir, experimentar y ser consciente de la realidad en sus múltiples aspectos. "/></xField><xField name="style"><xRecord type="spanStyle"/></xField></xRecord></xArray></xField></xRecord></xArray></xField></xRecord></xField></xConstructor><xConstructor name="zRichText" type="zObject"><xField name="localToWorld"><xTransform2D x="822.0596467794135" y="-13425.778573315143" scale="78.85612026789967" rotation="0"/></xField><xField name="styleClasses"><xArray><xToken value="body"/></xArray></xField><xField name="id"><xString value="6D6D092A40EDBE521039E395B6B52637"/></xField><xField name="text"><xRecord type="richText"><xField name="width"><xJust><xDouble value="332.7316879619589"/></xJust></xField><xField name="paragraphs"><xArray><xRecord type="paragraph"><xField name="paragraphStyle"><xRecord type="paragraphStyle"/></xField><xField name="spans"><xArray><xRecord type="span"><xField name="text"><xString value="Breve introducción a la conciencia y su evolución"/></xField><xField name="style"><xRecord type="spanStyle"><xField name="fontWeight"><xJust><xEnum type="FontWeight" value="bold"/></xJust></xField><xField name="fontSize"><xJust><xDouble value="24"/></xJust></xField><xField name="underline"><xJust><xBool value="false"/></xJust></xField></xRecord></xField></xRecord></xArray></xField></xRecord></xArray></xField></xRecord></xField></xConstructor><xConstructor name="zRichText" type="zObject"><xField name="localToWorld"><xTransform2D x="979.9016337317822" y="-9476.769461724038" scale="26.179991409097564" rotation="0"/></xField><xField name="styleClasses"><xArray><xToken value="body"/></xArray></xField><xField name="id"><xString value="FA03F580C695954C7B6C6BF55F344275"/></xField><xField name="text"><xRecord type="richText"><xField name="width"><xJust><xDouble value="1004.3247579486133"/></xJust></xField><xField name="paragraphs"><xArray><xRecord type="paragraph"><xField name="paragraphStyle"><xRecord type="paragraphStyle"/></xField><xField name="spans"><xArray><xRecord type="span"><xField name="text"><xString value="En el contexto de la gestión de ecosistemas y la resolución de conflictos ambientales. Según la teoría integral de Ken Wilber."/></xField><xField name="style"><xRecord type="spanStyle"><xField name="fontSize"><xJust><xDouble value="24"/></xJust></xField><xField name="fontStyle"><xJust><xEnum type="FontStyle" value="normal"/></xJust></xField><xField name="fontWeight"><xJust><xEnum type="FontWeight" value="normal"/></xJust></xField><xField name="color"><xJust><xColor value="#242424"/></xJust></xField><xField name="underline"><xJust><xBool value="false"/></xJust></xField></xRecord></xField></xRecord></xArray></xField></xRecord></xArray></xField></xRecord></xField></xConstructor><xConstructor name="zShape" type="zObject"><xField name="shapeType"><xEnum type="ShapeType" value="oval"/></xField><xField name="height"><xDouble value="100"/></xField><xField name="localToWorld"><xTransform2D x="3814.1160433085324" y="898.6468908849467" scale="39.97566598696047" rotation="0"/></xField><xField name="id"><xString value="1BBD97750A118928917BC55140633636"/></xField><xField name="styleClasses"><xArray><xToken value="poly4"/></xArray></xField><xField name="groupId"><xJust><xRef value="465768B11B367CCFF0D02C68BB9D1D17"/></xJust></xField><xField name="width"><xDouble value="100"/></xField></xConstructor><zImage><xFields><xField name="showPlaceholderInPresentMode"><xBool value="true"/></xField></xFields><id><string value="D1BD83DD7B42C97C44E0248D03C8474D"/></id><onlineAssetId><string value="28450681798"/></onlineAssetId><onlineAssetUrl><string value="http://0103.static.prezi.com.s3.amazonaws.com/media/a/9/4/9/e/c92114a406c9c0f78fbf0496d66.png"/></onlineAssetUrl><offlineAssetId><string value="0.7d5f82eb3e0b9"/></offlineAssetId><assetSourceFilename><string value="Screenshot 2023-11-19 at 22.57.53.png"/></assetSourceFilename><width><double value="354"/></width><height><double value="332"/></height><mask><rectangle x="31" y="16" w="309" h="304"/></mask><localToWorld><transform2D x="-8792.426123413523" y="5677.866744971117" scale="23.529835944214614" rotation="0"/></localToWorld></zImage><xConstructor name="zRichText" type="zObject"><xField name="groupId"><xJust><xRef value="465768B11B367CCFF0D02C68BB9D1D17"/></xJust></xField><xField name="text"><xRecord type="richText"><xField name="width"><xJust><xDouble value="180.22265625"/></xJust></xField><xField name="paragraphs"><xArray><xRecord type="paragraph"><xField name="paragraphStyle"><xRecord type="paragraphStyle"><xField name="alignment"><xEnum type="Alignment" value="center"/></xField></xRecord></xField><xField name="spans"><xArray><xRecord type="span"><xField name="text"><xString value="Prelógica"/></xField><xField name="style"><xRecord type="spanStyle"><xField name="fontSize"><xJust><xDouble value="24"/></xJust></xField><xField name="color"><xJust><xColor value="#FFFFFF"/></xJust></xField><xField name="fontWeight"><xJust><xEnum type="FontWeight" value="bold"/></xJust></xField><xField name="underline"><xJust><xBool value="false"/></xJust></xField></xRecord></xField></xRecord></xArray></xField></xRecord></xArray></xField></xRecord></xField><xField name="localToWorld"><xTransform2D x="3810.1578985213446" y="759.0183928555766" scale="20.470405364046893" rotation="0"/></xField><xField name="id"><xString value="0CC3939A23C3BB1D66DD135AECA59D2B"/></xField><xField name="styleClasses"><xArray><xToken value="body"/></xArray></xField></xConstructor><xConstructor name="zRichText" type="zObject"><xField name="groupId"><xJust><xRef value="9E61A8AFDB1C1B9133CD5FF27A96CD61"/></xJust></xField><xField name="text"><xRecord type="richText"><xField name="width"><xJust><xDouble value="180.22265625"/></xJust></xField><xField name="paragraphs"><xArray><xRecord type="paragraph"><xField name="paragraphStyle"><xRecord type="paragraphStyle"><xField name="alignment"><xEnum type="Alignment" value="center"/></xField></xRecord></xField><xField name="spans"><xArray><xRecord type="span"><xField name="text"><xString value="Egocéntrica"/></xField><xField name="style"><xRecord type="spanStyle"><xField name="fontSize"><xJust><xDouble value="24"/></xJust></xField><xField name="color"><xJust><xColor value="#FFFFFF"/></xJust></xField><xField name="fontWeight"><xJust><xEnum type="FontWeight" value="bold"/></xJust></xField><xField name="underline"><xJust><xBool value="false"/></xJust></xField></xRecord></xField></xRecord></xArray></xField></xRecord></xArray></xField></xRecord></xField><xField name="localToWorld"><xTransform2D x="3810.5177298656345" y="-1712.6468842920406" scale="20.470405364046897" rotation="0"/></xField><xField name="id"><xString value="0B5C57DACBC86B2A317B06A523441CB2"/></xField><xField name="styleClasses"><xArray><xToken value="body"/></xArray></xField></xConstructor><xConstructor name="zRichText" type="zObject"><xField name="groupId"><xJust><xRef value="B42730352AB2F34BD702769A33673160"/></xJust></xField><xField name="text"><xRecord type="richText"><xField name="width"><xJust><xDouble value="183.93698764482903"/></xJust></xField><xField name="paragraphs"><xArray><xRecord type="paragraph"><xField name="paragraphStyle"><xRecord type="paragraphStyle"><xField name="alignment"><xEnum type="Alignment" value="center"/></xField></xRecord></xField><xField name="spans"><xArray><xRecord type="span"><xField name="text"><xString value="Mundocéntrica"/></xField><xField name="style"><xRecord type="spanStyle"><xField name="fontSize"><xJust><xDouble value="24"/></xJust></xField><xField name="color"><xJust><xColor value="#FFFFFF"/></xJust></xField><xField name="fontWeight"><xJust><xEnum type="FontWeight" value="bold"/></xJust></xField><xField name="underline"><xJust><xBool value="false"/></xJust></xField></xRecord></xField></xRecord></xArray></xField></xRecord></xArray></xField></xRecord></xField><xField name="localToWorld"><xTransform2D x="3848.1748331756226" y="-4994.11068909683" scale="20.470405364046886" rotation="0"/></xField><xField name="id"><xString value="11ABEF19FE8C99EEA6C126802D62F1CA"/></xField><xField name="styleClasses"><xArray><xToken value="body"/></xArray></xField></xConstructor><xConstructor name="zRichText" type="zObject"><xField name="groupId"><xJust><xRef value="494F411000C9ACD8A13A4D07752844F7"/></xJust></xField><xField name="text"><xRecord type="richText"><xField name="width"><xJust><xDouble value="180.22265625"/></xJust></xField><xField name="paragraphs"><xArray><xRecord type="paragraph"><xField name="paragraphStyle"><xRecord type="paragraphStyle"><xField name="alignment"><xEnum type="Alignment" value="center"/></xField></xRecord></xField><xField name="spans"><xArray><xRecord type="span"><xField name="text"><xString value="Etnocéntrica"/></xField><xField name="style"><xRecord type="spanStyle"><xField name="fontSize"><xJust><xDouble value="24"/></xJust></xField><xField name="color"><xJust><xColor value="#FFFFFF"/></xJust></xField><xField name="fontWeight"><xJust><xEnum type="FontWeight" value="bold"/></xJust></xField><xField name="underline"><xJust><xBool value="false"/></xJust></xField></xRecord></xField></xRecord></xArray></xField></xRecord></xArray></xField></xRecord></xField><xField name="localToWorld"><xTransform2D x="3810.517729865634" y="-3465.245569211706" scale="20.470405364046883" rotation="0"/></xField><xField name="id"><xString value="388FC7572E4A546BE658597198D8D692"/></xField><xField name="styleClasses"><xArray><xToken value="body"/></xArray></xField></xConstructor><xConstructor name="zRichText" type="zObject"><xField name="groupId"><xJust><xRef value="8B5A825471FD2127E19DB37853EC30CC"/></xJust></xField><xField name="text"><xRecord type="richText"><xField name="width"><xJust><xDouble value="180.22265625"/></xJust></xField><xField name="paragraphs"><xArray><xRecord type="paragraph"><xField name="paragraphStyle"><xRecord type="paragraphStyle"><xField name="alignment"><xEnum type="Alignment" value="center"/></xField></xRecord></xField><xField name="spans"><xArray><xRecord type="span"><xField name="text"><xString value="Cosmocéntrica"/></xField><xField name="style"><xRecord type="spanStyle"><xField name="fontSize"><xJust><xDouble value="24"/></xJust></xField><xField name="color"><xJust><xColor value="#FFFFFF"/></xJust></xField><xField name="fontWeight"><xJust><xEnum type="FontWeight" value="bold"/></xJust></xField><xField name="underline"><xJust><xBool value="false"/></xJust></xField></xRecord></xField></xRecord></xArray></xField></xRecord></xArray></xField></xRecord></xField><xField name="localToWorld"><xTransform2D x="3810.157898521344" y="-6599.419064976208" scale="20.470405364046883" rotation="0"/></xField><xField name="id"><xString value="DBEC52213976F0C75BBAB9FAEB2D97F1"/></xField><xField name="styleClasses"><xArray><xToken value="body"/></xArray></xField></xConstructor><xConstructor name="zZoomArea" type="zObject"><xField name="localToWorld"><xTransform2D x="3449.763556511865" y="-732.4022859411785" scale="243.23406720908014" rotation="0"/></xField><xField name="width"><xDouble value="160"/></xField><xField name="id"><xString value="63195346CAE54D891E65E3C88A89B88F"/></xField><xField name="height"><xDouble value="90"/></xField></xConstructor><xConstructor name="zRichText" type="zObject"><xField name="groupId"><xJust><xRef value="CED37729ECFD0175921197D39483F3B5"/></xJust></xField><xField name="text"><xRecord type="richText"><xField name="width"><xJust><xDouble value="180.22265624999997"/></xJust></xField><xField name="paragraphs"><xArray><xRecord type="paragraph"><xField name="paragraphStyle"><xRecord type="paragraphStyle"/></xField><xField name="spans"><xArray><xRecord type="span"><xField name="text"><xString value="Niveles de conciencia"/></xField><xField name="style"><xRecord type="spanStyle"><xField name="fontWeight"><xJust><xEnum type="FontWeight" value="bold"/></xJust></xField><xField name="fontSize"><xJust><xDouble value="24"/></xJust></xField><xField name="underline"><xJust><xBool value="false"/></xJust></xField></xRecord></xField></xRecord></xArray></xField></xRecord></xArray></xField></xRecord></xField><xField name="localToWorld"><xTransform2D x="15136.4192479634" y="-6408.828396284" scale="23.749517504401066" rotation="0"/></xField><xField name="id"><xString value="432845F2349D8A31D098E5A577370E72"/></xField><xField name="styleClasses"><xArray><xToken value="body"/></xArray></xField></xConstructor><zArrow><xFields><xField name="groupId"><xJust><xRef value="CED37729ECFD0175921197D39483F3B5"/></xJust></xField></xFields><id><string value="3038208712FA4759592524FDFF7F3754"/></id><startEndDistance><double value="49.885820319042224"/></startEndDistance><arcHeight><double value="7.272290039432447"/></arcHeight><styleClasses><array><token value="line2"/></array></styleClasses><localToWorld><transform2D x="11548.107781211667" y="-5985.991099235063" scale="48.73059122573774" rotation="2.6620733615971996"/></localToWorld></zArrow><xConstructor name="zZoomArea" type="zObject"><xField name="localToWorld"><xTransform2D x="4190.296882455569" y="1055.2451839373437" scale="57.273364434159404" rotation="0"/></xField><xField name="width"><xDouble value="160"/></xField><xField name="id"><xString value="C990C00BB88DF797DE6BA710DAE283DE"/></xField><xField name="height"><xDouble value="90"/></xField></xConstructor><xConstructor name="zRichText" type="zObject"><xField name="localToWorld"><xTransform2D x="3236.390746469899" y="1237.6789828660535" scale="4.784187945636405" rotation="0"/></xField><xField name="styleClasses"><xArray><xToken value="body"/></xArray></xField><xField name="id"><xString value="7897E6E286B2D791714A96793F9BBA28"/></xField><xField name="text"><xRecord type="richText"><xField name="width"><xJust><xDouble value="261.73610423397804"/></xJust></xField><xField name="paragraphs"><xArray><xRecord type="paragraph"><xField name="paragraphStyle"><xRecord type="paragraphStyle"><xField name="indent"><xInt value="1"/></xField><xField name="listType"><xEnum type="ListType" value="bullet"/></xField></xRecord></xField><xField name="spans"><xArray><xRecord type="span"><xField name="text"><xString value="Instintos básicos"/></xField><xField name="style"><xRecord type="spanStyle"><xField name="fontSize"><xJust><xDouble value="24"/></xJust></xField><xField name="color"><xJust><xColor value="#FFFFFF"/></xJust></xField><xField name="fontWeight"><xJust><xEnum type="FontWeight" value="bold"/></xJust></xField><xField name="underline"><xJust><xBool value="false"/></xJust></xField></xRecord></xField></xRecord></xArray></xField></xRecord></xArray></xField></xRecord></xField></xConstructor><xConstructor name="zZoomArea" type="zObject"><xField name="localToWorld"><xTransform2D x="3813.756211964244" y="-1126.34522766003" scale="20.46277473422611" rotation="0"/></xField><xField name="width"><xDouble value="160"/></xField><xField name="id"><xString value="48ED200DF0BA0CFCD811EF07CEC879B4"/></xField><xField name="height"><xDouble value="90"/></xField></xConstructor><xConstructor name="zRichText" type="zObject"><xField name="localToWorld"><xTransform2D x="3051.90602902909" y="-1208.6308154521041" scale="4.183127701270511" rotation="0"/></xField><xField name="styleClasses"><xArray><xToken value="body"/></xArray></xField><xField name="id"><xString value="9836430DDD59ACE83857BB6D2870275C"/></xField><xField name="text"><xRecord type="richText"><xField name="width"><xJust><xDouble value="379.0102906883471"/></xJust></xField><xField name="paragraphs"><xArray><xRecord type="paragraph"><xField name="paragraphStyle"><xRecord type="paragraphStyle"><xField name="indent"><xInt value="1"/></xField><xField name="listType"><xEnum type="ListType" value="bullet"/></xField></xRecord></xField><xField name="spans"><xArray><xRecord type="span"><xField name="text"><xString value="Interés propio"/></xField><xField name="style"><xRecord type="spanStyle"><xField name="fontSize"><xJust><xDouble value="24"/></xJust></xField><xField name="color"><xJust><xColor value="#FFFFFF"/></xJust></xField><xField name="fontWeight"><xJust><xEnum type="FontWeight" value="bold"/></xJust></xField><xField name="underline"><xJust><xBool value="false"/></xJust></xField></xRecord></xField></xRecord></xArray></xField></xRecord><xRecord type="paragraph"><xField name="paragraphStyle"><xRecord type="paragraphStyle"><xField name="indent"><xInt value="1"/></xField><xField name="listType"><xEnum type="ListType" value="bullet"/></xField></xRecord></xField><xField name="spans"><xArray><xRecord type="span"><xField name="text"><xString value="Obediencia a la autoridad"/></xField><xField name="style"><xRecord type="spanStyle"><xField name="fontSize"><xJust><xDouble value="24"/></xJust></xField><xField name="color"><xJust><xColor value="#FFFFFF"/></xJust></xField><xField name="fontWeight"><xJust><xEnum type="FontWeight" value="bold"/></xJust></xField><xField name="underline"><xJust><xBool value="false"/></xJust></xField></xRecord></xField></xRecord></xArray></xField></xRecord><xRecord type="paragraph"><xField name="paragraphStyle"><xRecord type="paragraphStyle"><xField name="indent"><xInt value="1"/></xField><xField name="listType"><xEnum type="ListType" value="bullet"/></xField></xRecord></xField><xField name="spans"><xArray><xRecord type="span"><xField name="text"><xString value="Visión mágica"/></xField><xField name="style"><xRecord type="spanStyle"><xField name="fontSize"><xJust><xDouble value="24"/></xJust></xField><xField name="color"><xJust><xColor value="#FFFFFF"/></xJust></xField><xField name="fontWeight"><xJust><xEnum type="FontWeight" value="bold"/></xJust></xField><xField name="underline"><xJust><xBool value="false"/></xJust></xField></xRecord></xField></xRecord></xArray></xField></xRecord></xArray></xField></xRecord></xField></xConstructor><xConstructor name="zRichText" type="zObject"><xField name="groupId"><xJust><xRef value="056B5E5810AC7250CB1E477A3932305D"/></xJust></xField><xField name="text"><xRecord type="richText"><xField name="width"><xJust><xDouble value="180.22265624999997"/></xJust></xField><xField name="paragraphs"><xArray><xRecord type="paragraph"><xField name="paragraphStyle"><xRecord type="paragraphStyle"><xField name="alignment"><xEnum type="Alignment" value="center"/></xField></xRecord></xField><xField name="spans"><xArray><xRecord type="span"><xField name="text"><xString value="Integra y trasciende"/></xField><xField name="style"><xRecord type="spanStyle"><xField name="fontSize"><xJust><xDouble value="24"/></xJust></xField><xField name="fontStyle"><xJust><xEnum type="FontStyle" value="italic"/></xJust></xField><xField name="fontWeight"><xJust><xEnum type="FontWeight" value="bold"/></xJust></xField><xField name="underline"><xJust><xBool value="false"/></xJust></xField></xRecord></xField></xRecord></xArray></xField></xRecord></xArray></xField></xRecord></xField><xField name="localToWorld"><xTransform2D x="6052.305134081516" y="-115.15759960151637" scale="5.2415289393929845" rotation="0"/></xField><xField name="id"><xString value="AB9E2BF45C8086DE175ED60E0F62D267"/></xField><xField name="styleClasses"><xArray><xToken value="body"/></xArray></xField></xConstructor><zArrow><xFields><xField name="groupId"><xJust><xRef value="056B5E5810AC7250CB1E477A3932305D"/></xJust></xField></xFields><id><string value="2113855BBD231E00349209CA8BCDDD3F"/></id><startEndDistance><double value="37.17804422621475"/></startEndDistance><arcHeight><double value="-12.26682398669001"/></arcHeight><styleClasses><array><token value="line2"/></array></styleClasses><localToWorld><transform2D x="5578.872566036564" y="400.7541457789379" scale="19.596075763916655" rotation="2.5714059925732062"/></localToWorld></zArrow><xConstructor name="zRichText" type="zObject"><xField name="localToWorld"><xTransform2D x="5899.7487564851535" y="-119.93390727361275" scale="0.7226109371738644" rotation="0"/></xField><xField name="styleClasses"><xArray><xToken value="body"/></xArray></xField><xField name="id"><xString value="CD0A8419E9EC6BC938977D8677FCA48C"/></xField><xField name="text"><xRecord type="richText"><xField name="width"><xJust><xDouble value="334.30936760035866"/></xJust></xField><xField name="paragraphs"><xArray><xRecord type="paragraph"><xField name="paragraphStyle"><xRecord type="paragraphStyle"/></xField><xField name="spans"><xArray><xRecord type="span"><xField name="text"><xString value="Incorporamos perspectivas de niveles anteriores"/></xField><xField name="style"><xRecord type="spanStyle"><xField name="fontSize"><xJust><xDouble value="24"/></xJust></xField><xField name="fontStyle"><xJust><xEnum type="FontStyle" value="italic"/></xJust></xField><xField name="underline"><xJust><xBool value="false"/></xJust></xField></xRecord></xField></xRecord></xArray></xField></xRecord></xArray></xField></xRecord></xField></xConstructor><xConstructor name="zRichText" type="zObject"><xField name="localToWorld"><xTransform2D x="6170.218992528712" y="61.07577450586123" scale="0.7226109371738645" rotation="0"/></xField><xField name="styleClasses"><xArray><xToken value="body"/></xArray></xField><xField name="id"><xString value="E177E723281F037173E631646B375029"/></xField><xField name="text"><xRecord type="richText"><xField name="width"><xJust><xDouble value="474.00792729978946"/></xJust></xField><xField name="paragraphs"><xArray><xRecord type="paragraph"><xField name="paragraphStyle"><xRecord type="paragraphStyle"/></xField><xField name="spans"><xArray><xRecord type="span"><xField name="text"><xString value="Ir más allá de las limitaciones de un nivel. Comprensión más amplia."/></xField><xField name="style"><xRecord type="spanStyle"><xField name="fontSize"><xJust><xDouble value="24"/></xJust></xField><xField name="fontStyle"><xJust><xEnum type="FontStyle" value="italic"/></xJust></xField><xField name="underline"><xJust><xBool value="false"/></xJust></xField></xRecord></xField></xRecord></xArray></xField></xRecord></xArray></xField></xRecord></xField></xConstructor><xConstructor name="zZoomArea" type="zObject"><xField name="localToWorld"><xTransform2D x="3761.3882796834896" y="-2705.4073009240806" scale="26.29669078498324" rotation="0"/></xField><xField name="width"><xDouble value="160"/></xField><xField name="id"><xString value="E9027F9DEB768E93C51A95CD3042FEC2"/></xField><xField name="height"><xDouble value="90"/></xField></xConstructor><xConstructor name="zRichText" type="zObject"><xField name="localToWorld"><xTransform2D x="3103.243724390102" y="-2975.5197035839838" scale="4.183127701270509" rotation="0"/></xField><xField name="styleClasses"><xArray><xToken value="body"/></xArray></xField><xField name="id"><xString value="C5DCBC7F1567A4BB640E3D028C597BFD"/></xField><xField name="text"><xRecord type="richText"><xField name="width"><xJust><xDouble value="379.0102906883471"/></xJust></xField><xField name="paragraphs"><xArray><xRecord type="paragraph"><xField name="paragraphStyle"><xRecord type="paragraphStyle"><xField name="indent"><xInt value="1"/></xField><xField name="listType"><xEnum type="ListType" value="bullet"/></xField></xRecord></xField><xField name="spans"><xArray><xRecord type="span"><xField name="text"><xString value="Interés grupal"/></xField><xField name="style"><xRecord type="spanStyle"><xField name="fontSize"><xJust><xDouble value="24"/></xJust></xField><xField name="color"><xJust><xColor value="#FFFFFF"/></xJust></xField><xField name="fontWeight"><xJust><xEnum type="FontWeight" value="bold"/></xJust></xField><xField name="underline"><xJust><xBool value="false"/></xJust></xField></xRecord></xField></xRecord></xArray></xField></xRecord><xRecord type="paragraph"><xField name="paragraphStyle"><xRecord type="paragraphStyle"><xField name="indent"><xInt value="1"/></xField><xField name="listType"><xEnum type="ListType" value="bullet"/></xField></xRecord></xField><xField name="spans"><xArray><xRecord type="span"><xField name="text"><xString value="Pertenencia a una &quot;tribu&quot;"/></xField><xField name="style"><xRecord type="spanStyle"><xField name="fontSize"><xJust><xDouble value="24"/></xJust></xField><xField name="color"><xJust><xColor value="#FFFFFF"/></xJust></xField><xField name="fontWeight"><xJust><xEnum type="FontWeight" value="bold"/></xJust></xField><xField name="underline"><xJust><xBool value="false"/></xJust></xField></xRecord></xField></xRecord></xArray></xField></xRecord><xRecord type="paragraph"><xField name="paragraphStyle"><xRecord type="paragraphStyle"><xField name="indent"><xInt value="1"/></xField><xField name="listType"><xEnum type="ListType" value="bullet"/></xField></xRecord></xField><xField name="spans"><xArray><xRecord type="span"><xField name="text"><xString value="Nivel mítico-religioso"/></xField><xField name="style"><xRecord type="spanStyle"><xField name="fontSize"><xJust><xDouble value="24"/></xJust></xField><xField name="color"><xJust><xColor value="#FFFFFF"/></xJust></xField><xField name="fontWeight"><xJust><xEnum type="FontWeight" value="bold"/></xJust></xField><xField name="underline"><xJust><xBool value="false"/></xJust></xField></xRecord></xField></xRecord></xArray></xField></xRecord></xArray></xField></xRecord></xField></xConstructor><xConstructor name="zRichText" type="zObject"><xField name="groupId"><xJust><xRef value="38AFB70AA19FC3EAC673E983A55E4EC4"/></xJust></xField><xField name="text"><xRecord type="richText"><xField name="width"><xJust><xDouble value="180.22265624999997"/></xJust></xField><xField name="paragraphs"><xArray><xRecord type="paragraph"><xField name="paragraphStyle"><xRecord type="paragraphStyle"><xField name="alignment"><xEnum type="Alignment" value="center"/></xField></xRecord></xField><xField name="spans"><xArray><xRecord type="span"><xField name="text"><xString value="Integra y trasciende"/></xField><xField name="style"><xRecord type="spanStyle"><xField name="fontSize"><xJust><xDouble value="24"/></xJust></xField><xField name="fontStyle"><xJust><xEnum type="FontStyle" value="italic"/></xJust></xField><xField name="fontWeight"><xJust><xEnum type="FontWeight" value="bold"/></xJust></xField><xField name="underline"><xJust><xBool value="false"/></xJust></xField></xRecord></xField></xRecord></xArray></xField></xRecord></xArray></xField></xRecord></xField><xField name="localToWorld"><xTransform2D x="7009.154446902183" y="-1599.6625600444145" scale="5.241528939392976" rotation="0"/></xField><xField name="id"><xString value="52D93A55B0C90CB96106D4DD03BB25E4"/></xField><xField name="styleClasses"><xArray><xToken value="body"/></xArray></xField></xConstructor><zArrow><xFields><xField name="groupId"><xJust><xRef value="38AFB70AA19FC3EAC673E983A55E4EC4"/></xJust></xField></xFields><id><string value="A384CA12CFB08EADCBC05E4AA8F26883"/></id><startEndDistance><double value="37.17804422621475"/></startEndDistance><arcHeight><double value="-12.26682398669001"/></arcHeight><styleClasses><array><token value="line2"/></array></styleClasses><localToWorld><transform2D x="6535.721878857232" y="-1083.7508146639598" scale="19.596075763916623" rotation="2.5714059925732062"/></localToWorld></zArrow><xConstructor name="zZoomArea" type="zObject"><xField name="localToWorld"><xTransform2D x="3718.8154886964853" y="-4217.881260731605" scale="30.179655234796368" rotation="0"/></xField><xField name="width"><xDouble value="160"/></xField><xField name="id"><xString value="5CF91F16FCCC4D82BD84DB3F7017A4D0"/></xField><xField name="height"><xDouble value="90"/></xField></xConstructor><xConstructor name="zRichText" type="zObject"><xField name="localToWorld"><xTransform2D x="2919.5907351717733" y="-4552.883801455345" scale="4.183127701270509" rotation="0"/></xField><xField name="styleClasses"><xArray><xToken value="body"/></xArray></xField><xField name="id"><xString value="0241CCFDACC8A37EDE61F4FD6A836DE6"/></xField><xField name="text"><xRecord type="richText"><xField name="width"><xJust><xDouble value="427.68252466453436"/></xJust></xField><xField name="paragraphs"><xArray><xRecord type="paragraph"><xField name="paragraphStyle"><xRecord type="paragraphStyle"><xField name="indent"><xInt value="1"/></xField><xField name="listType"><xEnum type="ListType" value="bullet"/></xField></xRecord></xField><xField name="spans"><xArray><xRecord type="span"><xField name="text"><xString value="Interés por el &quot;bien común&quot;"/></xField><xField name="style"><xRecord type="spanStyle"><xField name="fontSize"><xJust><xDouble value="24"/></xJust></xField><xField name="color"><xJust><xColor value="#FFFFFF"/></xJust></xField><xField name="fontWeight"><xJust><xEnum type="FontWeight" value="bold"/></xJust></xField><xField name="underline"><xJust><xBool value="false"/></xJust></xField></xRecord></xField></xRecord></xArray></xField></xRecord><xRecord type="paragraph"><xField name="paragraphStyle"><xRecord type="paragraphStyle"><xField name="indent"><xInt value="1"/></xField><xField name="listType"><xEnum type="ListType" value="bullet"/></xField></xRecord></xField><xField name="spans"><xArray><xRecord type="span"><xField name="text"><xString value="Comprensión lógica y racional"/></xField><xField name="style"><xRecord type="spanStyle"><xField name="fontSize"><xJust><xDouble value="24"/></xJust></xField><xField name="color"><xJust><xColor value="#FFFFFF"/></xJust></xField><xField name="fontWeight"><xJust><xEnum type="FontWeight" value="bold"/></xJust></xField><xField name="underline"><xJust><xBool value="false"/></xJust></xField></xRecord></xField></xRecord></xArray></xField></xRecord></xArray></xField></xRecord></xField></xConstructor><xConstructor name="zRichText" type="zObject"><xField name="groupId"><xJust><xRef value="8B97BA190EA8107C82522FEF0D3006CA"/></xJust></xField><xField name="text"><xRecord type="richText"><xField name="width"><xJust><xDouble value="180.22265624999997"/></xJust></xField><xField name="paragraphs"><xArray><xRecord type="paragraph"><xField name="paragraphStyle"><xRecord type="paragraphStyle"><xField name="alignment"><xEnum type="Alignment" value="center"/></xField></xRecord></xField><xField name="spans"><xArray><xRecord type="span"><xField name="text"><xString value="Integra y trasciende"/></xField><xField name="style"><xRecord type="spanStyle"><xField name="fontSize"><xJust><xDouble value="24"/></xJust></xField><xField name="fontStyle"><xJust><xEnum type="FontStyle" value="italic"/></xJust></xField><xField name="fontWeight"><xJust><xEnum type="FontWeight" value="bold"/></xJust></xField><xField name="underline"><xJust><xBool value="false"/></xJust></xField></xRecord></xField></xRecord></xArray></xField></xRecord></xArray></xField></xRecord></xField><xField name="localToWorld"><xTransform2D x="7508.399613781436" y="-3385.1277252024884" scale="5.241528939392974" rotation="0"/></xField><xField name="id"><xString value="938C45BAD605919C4F6C712B618913F0"/></xField><xField name="styleClasses"><xArray><xToken value="body"/></xArray></xField></xConstructor><zArrow><xFields><xField name="groupId"><xJust><xRef value="8B97BA190EA8107C82522FEF0D3006CA"/></xJust></xField></xFields><id><string value="C2EF217410CAD92B958F66206E1B402F"/></id><startEndDistance><double value="37.17804422621475"/></startEndDistance><arcHeight><double value="-12.26682398669001"/></arcHeight><styleClasses><array><token value="line2"/></array></styleClasses><localToWorld><transform2D x="7034.967045736485" y="-2869.2159798220337" scale="19.596075763916623" rotation="2.5714059925732062"/></localToWorld></zArrow><xConstructor name="zZoomArea" type="zObject"><xField name="localToWorld"><xTransform2D x="3731.5543570329137" y="-5819.797879151258" scale="30.338891089001777" rotation="0"/></xField><xField name="width"><xDouble value="160"/></xField><xField name="id"><xString value="61B02E32069806837201E45E5EAD9345"/></xField><xField name="height"><xDouble value="90"/></xField></xConstructor><xConstructor name="zRichText" type="zObject"><xField name="localToWorld"><xTransform2D x="3344.4930040205295" y="-6142.936715177717" scale="4.183127701270506" rotation="0"/></xField><xField name="styleClasses"><xArray><xToken value="body"/></xArray></xField><xField name="id"><xString value="437DF3E4FF20F8F451BA24F7E9E553B2"/></xField><xField name="text"><xRecord type="richText"><xField name="width"><xJust><xDouble value="671.8711182575802"/></xJust></xField><xField name="paragraphs"><xArray><xRecord type="paragraph"><xField name="paragraphStyle"><xRecord type="paragraphStyle"><xField name="indent"><xInt value="1"/></xField><xField name="listType"><xEnum type="ListType" value="bullet"/></xField></xRecord></xField><xField name="spans"><xArray><xRecord type="span"><xField name="text"><xString value="Principios ´éticos universales (no solo humanos)"/></xField><xField name="style"><xRecord type="spanStyle"><xField name="fontSize"><xJust><xDouble value="24"/></xJust></xField><xField name="color"><xJust><xColor value="#FFFFFF"/></xJust></xField><xField name="fontWeight"><xJust><xEnum type="FontWeight" value="bold"/></xJust></xField><xField name="underline"><xJust><xBool value="false"/></xJust></xField></xRecord></xField></xRecord></xArray></xField></xRecord><xRecord type="paragraph"><xField name="paragraphStyle"><xRecord type="paragraphStyle"><xField name="indent"><xInt value="1"/></xField><xField name="listType"><xEnum type="ListType" value="bullet"/></xField></xRecord></xField><xField name="spans"><xArray><xRecord type="span"><xField name="text"><xString value="Conexión trascendental más allá del yo"/></xField><xField name="style"><xRecord type="spanStyle"><xField name="fontSize"><xJust><xDouble value="24"/></xJust></xField><xField name="color"><xJust><xColor value="#FFFFFF"/></xJust></xField><xField name="fontWeight"><xJust><xEnum type="FontWeight" value="bold"/></xJust></xField><xField name="underline"><xJust><xBool value="false"/></xJust></xField></xRecord></xField></xRecord></xArray></xField></xRecord></xArray></xField></xRecord></xField></xConstructor><xConstructor name="zRichText" type="zObject"><xField name="groupId"><xJust><xRef value="7EC8B0CE29DE6808BA35ACC3BFCA4C92"/></xJust></xField><xField name="text"><xRecord type="richText"><xField name="width"><xJust><xDouble value="180.22265624999997"/></xJust></xField><xField name="paragraphs"><xArray><xRecord type="paragraph"><xField name="paragraphStyle"><xRecord type="paragraphStyle"><xField name="alignment"><xEnum type="Alignment" value="center"/></xField></xRecord></xField><xField name="spans"><xArray><xRecord type="span"><xField name="text"><xString value="Integra y trasciende"/></xField><xField name="style"><xRecord type="spanStyle"><xField name="fontSize"><xJust><xDouble value="24"/></xJust></xField><xField name="fontStyle"><xJust><xEnum type="FontStyle" value="italic"/></xJust></xField><xField name="fontWeight"><xJust><xEnum type="FontWeight" value="bold"/></xJust></xField><xField name="underline"><xJust><xBool value="false"/></xJust></xField></xRecord></xField></xRecord></xArray></xField></xRecord></xArray></xField></xRecord></xField><xField name="localToWorld"><xTransform2D x="7860.963869247364" y="-5135.696175464154" scale="5.241528939392983" rotation="0"/></xField><xField name="id"><xString value="3116E17BB6672E1868198EE43D5B7B88"/></xField><xField name="styleClasses"><xArray><xToken value="body"/></xArray></xField></xConstructor><zArrow><xFields><xField name="groupId"><xJust><xRef value="7EC8B0CE29DE6808BA35ACC3BFCA4C92"/></xJust></xField></xFields><id><string value="E39259269F0DA2C2C5C6B2A905A76044"/></id><startEndDistance><double value="37.17804422621475"/></startEndDistance><arcHeight><double value="-12.26682398669001"/></arcHeight><styleClasses><array><token value="line2"/></array></styleClasses><localToWorld><transform2D x="7387.53130120241" y="-4619.784430083697" scale="19.596075763916648" rotation="2.5714059925732062"/></localToWorld></zArrow><xConstructor name="zZoomArea" type="zObject"><xField name="localToWorld"><xTransform2D x="3605.9935044635567" y="-3244.087908401154" scale="334.63212765848215" rotation="0"/></xField><xField name="width"><xDouble value="160"/></xField><xField name="id"><xString value="FF5F581809E94EAC44467C5FB282F83D"/></xField><xField name="height"><xDouble value="90"/></xField></xConstructor></array></zObjects></prezi>